glyph,region,category,bbox,info
tA,0,base,(73,-15,848,525),largest
tA,1,base,(221,216,705,277),
tAa,0,base,(73,-15,828,525),largest
tI,0,base,(112,-61,686,525),largest
tI,1,base,(60,309,384,525),
tIi,0,base,(149,-15,683,525),largest
tIi,1,base,(50,96,985,313),
tIi,2,above,(403,498,719,734),
tIi,3,above,(773,286,977,491),
tIi,4,above,(265,505,434,659),
tU,0,base,(103,-15,628,525),largest
tU,1,base,(423,-15,775,323),
tU,2,base,(55,351,819,394),
tU,3,above,(399,508,475,695),
tUu,0,base,(103,-15,626,525),largest
tUu,1,base,(55,177,1052,394),
tUu,2,base,(423,-15,772,323),
tUu,3,above,(848,368,1042,568),
tUu,4,above,(474,499,548,695),
tUu,5,above,(326,500,400,695),
tVocalicR,0,base,(710,-15,1084,525),largest
tVocalicR,1,base,(1054,-15,1420,525),
tVocalicR,2,base,(73,-15,427,525),
tVocalicR,3,base,(396,-15,738,525),
tVocalicL,0,base,(262,-250,892,525),largest
tVocalicL,1,base,(60,294,385,525),
tE,0,base,(262,-15,717,796),largest
tE,1,base,(60,-15,348,283),
tEe,0,base,(262,-15,717,796),largest
tEe,1,base,(60,-15,348,283),
tEe,2,base,(148,645,303,926),
tAi,0,base,(73,-15,734,525),largest
tAi,1,base,(75,313,410,525),
tO,0,base,(73,-15,423,525),largest
tO,1,base,(391,-15,732,299),
tOo,0,base,(73,-15,423,525),largest
tOo,1,base,(391,-15,732,299),
tOo,2,above,(190,506,301,719),
tAu,0,base,(73,-15,422,522),largest
tAu,1,above,(52,458,812,693),
tAu,2,base,(391,-15,732,299),
tAu,3,above,(61,482,467,647),
tVocalicRr,0,base,(700,-15,1084,525),largest
tVocalicRr,1,base,(73,-15,425,525),
tVocalicRr,2,base,(391,-15,737,525),
tVocalicRr,3,base,(1044,-15,1420,478),
tVocalicRr,4,base,(1136,287,1723,520),
tVocalicLl,0,base,(262,-250,892,525),largest
tVocalicLl,1,base,(734,290,1242,525),
tVocalicLl,2,base,(60,294,373,525),
tKa,0,base,(70,-15,482,525),largest
tKa,1,above,(272,502,579,734),
tKa,2,above,(125,506,294,659),
tKaa,0,base,(70,-15,482,525),largest
tKaa,1,base,(52,290,782,525),
tKi,0,base,(70,-15,482,525),largest
tKi,1,above,(96,489,471,794),
tKii,0,base,(70,-15,482,525),largest
tKii,1,above,(96,489,471,792),
tKii,2,above,(191,763,398,966),
tKu,0,base,(70,-15,941,525),largest
tKu,1,above,(264,506,579,734),
tKu,2,above,(125,499,288,659),
tKuu,0,base,(70,-15,938,525),largest
tKuu,1,base,(654,287,1271,520),
tKuu,2,above,(253,491,579,734),
tKuu,3,above,(125,497,292,659),
tKe,0,base,(131,-15,543,525),largest
tKe,1,above,(18,481,563,693),
tKee,0,base,(131,-15,543,525),largest
tKee,1,above,(18,481,563,693),
tKee,2,above,(353,656,559,881),
tKai,0,base,(131,-15,543,525),largest
tKai,1,below,(-24,-323,631,-88),
tKai,2,above,(18,481,563,693),
tKo,0,base,(70,-15,482,525),largest
tKo,1,above,(329,490,695,729),
tKo,2,above,(58,483,359,729),
tKoo,0,base,(70,-15,482,525),largest
tKoo,1,above,(331,490,695,729),
tKoo,2,above,(58,486,367,729),
tKoo,3,above,(486,709,692,904),
tKau,0,base,(70,-15,482,525),largest
tKau,1,above,(70,458,830,693),
tKau,2,above,(77,482,493,652),
tK,0,base,(70,-15,482,525),largest
tK,1,above,(56,619,525,818),
tK,2,above,(72,482,393,662),
tKha,0,base,(73,-15,761,525),largest
tKha,1,below,(355,-153,445,19),
tKhaa,0,base,(73,-15,758,525),largest
tKhaa,1,base,(489,287,1091,520),
tKhaa,2,below,(355,-153,445,19),
tKhi,0,base,(73,-15,776,771),largest
tKhi,1,below,(355,-153,445,19),
tKhii,0,base,(73,-15,776,771),largest
tKhii,1,above,(280,756,487,946),
tKhii,2,below,(355,-153,445,19),
tKhu,0,base,(73,-15,761,525),largest
tKhu,1,base,(729,-15,1119,525),
tKhu,2,below,(355,-153,445,19),
tKhuu,0,base,(73,-15,761,525),largest
tKhuu,1,base,(729,-15,1116,488),
tKhuu,2,base,(832,287,1449,520),
tKhuu,3,below,(355,-153,445,19),
tKhe,0,base,(73,-15,761,525),largest
tKhe,1,above,(80,482,735,693),
tKhe,2,below,(355,-153,445,19),
tKhee,0,base,(73,-15,761,525),largest
tKhee,1,above,(80,482,735,693),
tKhee,2,above,(525,679,731,881),
tKhee,3,below,(355,-153,445,19),
tKhai,0,base,(73,-15,761,525),largest
tKhai,1,below,(38,-323,763,-88),
tKhai,2,above,(80,482,735,693),
tKhai,3,below,(355,-153,445,19),
tKho,0,base,(73,-15,761,729),largest
tKho,1,base,(637,490,1003,729),
tKho,2,below,(355,-153,445,19),
tKhoo,0,base,(73,-15,761,729),largest
tKhoo,1,base,(637,490,1003,729),
tKhoo,2,above,(794,708,1000,904),
tKhoo,3,below,(355,-153,445,19),
tKhau,0,base,(73,-15,761,525),largest
tKhau,1,above,(463,458,1092,693),
tKhau,2,above,(470,482,755,662),
tKhau,3,below,(355,-153,445,19),
tKh,0,base,(73,-15,786,662),largest
tKh,1,above,(399,631,933,818),
tKh,2,below,(355,-153,445,19),
tGa,0,base,(70,-15,577,525),largest
tGa,1,above,(310,503,626,734),
tGa,2,above,(172,499,335,659),
tGaa,0,base,(70,-15,577,525),largest
tGaa,1,base,(73,313,875,548),
tGi,0,base,(70,-15,577,525),largest
tGi,1,above,(134,448,490,713),
tGii,0,base,(70,-15,577,525),largest
tGii,1,above,(134,448,490,713),
tGii,2,above,(212,683,419,884),
tGu,0,base,(70,-15,576,525),largest
tGu,1,base,(558,-15,936,525),
tGu,2,above,(310,503,626,734),
tGu,3,above,(172,499,335,659),
tGuu,0,base,(70,-15,576,525),largest
tGuu,1,base,(558,-15,933,484),
tGuu,2,base,(649,287,1266,520),
tGuu,3,above,(310,503,626,734),
tGuu,4,above,(172,499,335,659),
tGe,0,base,(70,-15,577,521),largest
tGe,1,above,(18,482,583,693),
tGee,0,base,(70,-15,577,521),largest
tGee,1,above,(18,482,583,693),
tGee,2,above,(373,649,579,881),
tGai,0,base,(70,-15,577,521),largest
tGai,1,below,(-24,-323,611,-88),
tGai,2,above,(18,482,583,693),
tGo,0,base,(70,-15,577,525),largest
tGo,1,above,(357,490,723,729),
tGo,2,above,(86,460,395,729),
tGoo,0,base,(70,-15,577,525),largest
tGoo,1,above,(359,490,723,729),
tGoo,2,above,(86,460,395,729),
tGoo,3,above,(514,696,720,904),
tGau,0,base,(70,-15,577,525),largest
tGau,1,above,(131,458,921,693),
tGau,2,above,(138,482,584,661),
tG,0,base,(70,-15,577,525),largest
tG,1,above,(99,599,633,818),
tG,2,above,(115,481,486,662),
tGha,0,base,(647,-15,1060,525),largest
tGha,1,base,(300,-15,695,525),
tGha,2,base,(60,-15,347,283),
tGha,3,above,(287,497,595,734),
tGha,4,above,(141,497,306,659),
tGha,5,below,(305,-153,395,19),
tGhaa,0,base,(300,-15,695,525),largest
tGhaa,1,base,(637,-15,1057,491),
tGhaa,2,base,(773,287,1390,520),
tGhaa,3,base,(60,-15,347,283),
tGhaa,4,above,(287,497,595,734),
tGhaa,5,above,(141,497,306,659),
tGhaa,6,below,(305,-153,395,19),
tGhi,0,base,(647,-15,1060,525),largest
tGhi,1,base,(310,-15,695,525),
tGhi,2,above,(24,487,399,794),
tGhi,3,base,(60,-15,347,283),
tGhi,4,below,(305,-153,395,19),
tGhii,0,base,(647,-15,1060,525),largest
tGhii,1,base,(310,-15,695,525),
tGhii,2,above,(24,487,399,792),
tGhii,3,base,(60,-15,347,283),
tGhii,4,above,(119,750,326,966),
tGhii,5,below,(305,-153,395,19),
tGhu,0,base,(647,-15,1060,525),largest
tGhu,1,base,(1034,-15,1428,525),
tGhu,2,base,(310,-15,695,525),
tGhu,3,base,(60,-15,347,283),
tGhu,4,above,(287,497,595,734),
tGhu,5,above,(141,497,306,659),
tGhu,6,below,(305,-153,395,19),
tGhuu,0,base,(647,-15,1060,525),largest
tGhuu,1,base,(310,-15,695,525),
tGhuu,2,base,(1034,-15,1425,492),
tGhuu,3,base,(1141,287,1758,520),
tGhuu,4,base,(60,-15,347,283),
tGhuu,5,above,(287,497,595,734),
tGhuu,6,above,(141,497,306,659),
tGhuu,7,below,(305,-153,395,19),
tGhe,0,base,(790,-15,1203,525),largest
tGhe,1,base,(453,-15,838,525),
tGhe,2,above,(18,482,513,693),
tGhe,3,base,(203,-15,490,283),
tGhe,4,below,(448,-153,538,19),
tGhee,0,base,(790,-15,1203,525),largest
tGhee,1,base,(453,-15,838,525),
tGhee,2,above,(18,482,513,693),
tGhee,3,base,(203,-15,490,283),
tGhee,4,above,(303,653,509,881),
tGhee,5,below,(448,-153,538,19),
tGhai,0,base,(790,-15,1203,525),largest
tGhai,1,base,(443,-15,838,525),
tGhai,2,below,(163,-323,818,-88),
tGhai,3,above,(18,482,513,693),
tGhai,4,base,(203,-15,490,283),
tGhai,5,below,(448,-153,538,19),
tGho,0,base,(790,-15,1203,525),largest
tGho,1,base,(1177,-15,1571,525),
tGho,2,base,(453,-15,838,525),
tGho,3,above,(18,482,513,693),
tGho,4,base,(203,-15,490,283),
tGho,5,below,(448,-153,538,19),
tGhoo,0,base,(453,-15,838,525),largest
tGhoo,1,base,(790,-15,1200,491),
tGhoo,2,base,(916,287,1533,520),
tGhoo,3,above,(18,482,513,693),
tGhoo,4,base,(203,-15,490,283),
tGhoo,5,below,(448,-153,538,19),
tGhau,0,base,(647,-15,1060,517),largest
tGhau,1,base,(310,-15,695,525),
tGhau,2,above,(763,458,1392,693),
tGhau,3,base,(60,-15,347,283),
tGhau,4,above,(287,497,595,734),
tGhau,5,above,(770,482,1055,667),
tGhau,6,above,(141,497,306,659),
tGhau,7,below,(305,-153,395,19),
tGh,0,base,(647,-15,1060,525),largest
tGh,1,base,(310,-15,695,525),
tGh,2,above,(69,631,563,818),
tGh,3,base,(60,-15,347,283),
tGh,4,above,(85,482,416,662),
tGh,5,below,(305,-153,395,19),
tNga,0,base,(73,-15,423,525),largest
tNga,1,base,(391,-15,734,247),
tNga,2,base,(484,331,560,525),
tNga,3,base,(348,311,668,354),
tNgaa,0,base,(73,-15,423,525),largest
tNgaa,1,base,(420,313,1025,548),
tNgaa,2,base,(391,-15,734,247),
tNgaa,3,base,(334,311,668,354),
tNgaa,4,base,(487,333,557,502),
tNgi,0,base,(73,-15,423,525),largest
tNgi,1,above,(379,487,754,794),
tNgi,2,base,(391,-15,734,247),
tNgi,3,base,(334,311,668,354),
tNgi,4,above,(487,333,557,502),
tNgii,0,base,(73,-15,423,525),largest
tNgii,1,above,(379,487,754,792),
tNgii,2,base,(391,-15,734,247),
tNgii,3,above,(474,751,681,966),
tNgii,4,base,(341,311,668,354),
tNgii,5,above,(487,333,557,502),
tNgu,0,base,(334,-15,1163,525),largest
tNgu,1,base,(73,-15,423,525),
tNgu,2,base,(371,-15,726,244),
tNgu,3,base,(484,339,560,525),
tNguu,0,base,(334,-15,1163,495),largest
tNguu,1,base,(73,-15,423,525),
tNguu,2,base,(879,287,1496,520),
tNguu,3,base,(371,-15,726,244),
tNguu,4,base,(484,339,560,525),
tNge,0,base,(73,-15,423,525),largest
tNge,1,above,(85,482,680,693),
tNge,2,base,(371,-15,734,247),
tNge,3,base,(334,311,668,354),
tNge,4,above,(487,333,557,502),
tNgee,0,base,(73,-15,423,525),largest
tNgee,1,above,(85,482,680,693),
tNgee,2,base,(371,-15,734,247),
tNgee,3,above,(470,679,676,881),
tNgee,4,base,(334,311,668,354),
tNgee,5,above,(487,333,557,502),
tNgai,0,base,(73,-15,423,525),largest
tNgai,1,below,(43,-323,708,-88),
tNgai,2,above,(85,482,680,693),
tNgai,3,base,(381,-15,734,247),
tNgai,4,base,(334,311,668,354),
tNgai,5,above,(487,333,557,502),
tNgo,0,base,(73,-15,423,525),largest
tNgo,1,above,(618,490,1000,729),
tNgo,2,base,(391,-15,734,247),
tNgo,3,above,(363,485,683,729),
tNgo,4,base,(486,331,559,520),
tNgo,5,base,(348,311,668,354),
tNgoo,0,base,(73,-15,423,525),largest
tNgoo,1,base,(391,-15,734,247),
tNgoo,2,above,(634,490,1000,729),
tNgoo,3,above,(363,485,653,729),
tNgoo,4,disconnected,(791,709,997,904),
tNgoo,5,base,(486,331,559,520),
tNgoo,6,base,(348,311,668,354),
tNgau,0,base,(73,-15,423,525),largest
tNgau,1,above,(413,458,1027,693),
tNgau,2,base,(391,-15,734,247),
tNgau,3,above,(420,482,695,660),
tNgau,4,base,(334,311,668,354),
tNgau,5,above,(487,333,557,502),
tNg,0,base,(73,-15,423,525),largest
tNg,1,above,(369,631,863,818),
tNg,2,base,(391,-15,734,247),
tNg,3,above,(385,481,726,662),
tNg,4,base,(334,311,668,354),
tNg,5,above,(487,333,557,502),
tCa,0,base,(427,-15,784,523),largest
tCa,1,base,(118,-15,458,321),
tCa,2,above,(417,500,735,734),
tCa,3,above,(282,485,458,657),
tCa,4,above,(30,298,292,398),
tCaa,0,base,(194,306,1111,539),largest
tCaa,1,base,(427,-15,784,513),
tCaa,2,base,(118,-15,460,316),
tCaa,3,base,(30,298,292,398),
tCi,0,base,(223,-15,802,771),largest
tCi,1,base,(118,-15,462,316),
tCi,2,base,(30,298,292,398),
tCii,0,base,(223,-15,802,771),largest
tCii,1,base,(118,-15,462,316),
tCii,2,above,(300,750,507,946),
tCii,3,base,(30,298,292,398),
tCu,0,base,(759,-15,1150,525),largest
tCu,1,base,(427,-15,783,523),
tCu,2,base,(118,-15,458,321),
tCu,3,above,(417,500,735,734),
tCu,4,above,(282,485,458,657),
tCu,5,above,(30,298,292,398),
tCuu,0,base,(759,-15,1147,498),largest
tCuu,1,base,(427,-15,783,523),
tCuu,2,base,(863,287,1480,520),
tCuu,3,base,(118,-15,458,321),
tCuu,4,above,(417,500,735,734),
tCuu,5,above,(282,485,458,657),
tCuu,6,above,(30,298,292,398),
tCe,0,base,(427,-15,784,511),largest
tCe,1,above,(105,482,790,693),
tCe,2,base,(118,-15,458,321),
tCe,3,above,(30,298,292,398),
tCee,0,base,(427,-15,784,511),largest
tCee,1,above,(105,482,790,693),
tCee,2,base,(118,-15,458,321),
tCee,3,above,(580,657,786,881),
tCee,4,above,(30,298,292,398),
tCai,0,base,(427,-15,784,511),largest
tCai,1,below,(63,-323,818,-88),
tCai,2,above,(105,482,790,693),
tCai,3,base,(118,-15,458,321),
tCai,4,above,(30,298,292,398),
tCo,0,base,(302,-15,784,729),largest
tCo,1,base,(118,-15,458,321),
tCo,2,base,(573,490,939,729),
tCo,3,below,(30,298,292,398),
tCoo,0,base,(302,-15,784,729),largest
tCoo,1,base,(118,-15,458,321),
tCoo,2,base,(573,490,939,729),
tCoo,3,above,(730,704,936,904),
tCoo,4,below,(30,298,292,398),
tCau,0,base,(427,-15,784,511),largest
tCau,1,above,(287,458,1047,693),
tCau,2,base,(118,-15,458,321),
tCau,3,above,(294,482,710,665),
tCau,4,above,(30,298,292,398),
tC,0,base,(250,-15,784,662),largest
tC,1,base,(118,-15,458,321),
tC,2,above,(234,631,798,818),
tC,3,base,(30,298,292,398),
tCha,0,base,(427,-15,784,523),largest
tCha,1,base,(118,-15,458,321),
tCha,2,above,(417,500,735,734),
tCha,3,above,(282,485,458,657),
tCha,4,above,(30,298,292,398),
tCha,5,below,(400,-153,490,19),
tChaa,0,base,(194,306,1111,539),largest
tChaa,1,base,(427,-15,784,513),
tChaa,2,base,(118,-15,460,316),
tChaa,3,base,(30,298,292,398),
tChaa,4,below,(400,-153,490,19),
tChi,0,base,(223,-15,802,771),largest
tChi,1,base,(118,-15,462,316),
tChi,2,base,(30,298,292,398),
tChi,3,below,(401,-153,491,19),
tChii,0,base,(223,-15,802,771),largest
tChii,1,base,(118,-15,462,316),
tChii,2,above,(300,750,507,946),
tChii,3,base,(30,298,292,398),
tChii,4,below,(401,-153,491,19),
tChu,0,base,(759,-15,1150,525),largest
tChu,1,base,(427,-15,783,523),
tChu,2,base,(118,-15,458,321),
tChu,3,above,(417,500,735,734),
tChu,4,above,(282,485,458,657),
tChu,5,above,(30,298,292,398),
tChu,6,below,(400,-153,490,19),
tChuu,0,base,(759,-15,1147,498),largest
tChuu,1,base,(427,-15,783,523),
tChuu,2,base,(863,287,1480,520),
tChuu,3,base,(118,-15,458,321),
tChuu,4,above,(417,500,735,734),
tChuu,5,above,(282,485,458,657),
tChuu,6,above,(30,298,292,398),
tChuu,7,below,(400,-153,490,19),
tChe,0,base,(427,-15,784,511),largest
tChe,1,above,(105,482,790,693),
tChe,2,base,(118,-15,458,321),
tChe,3,above,(30,298,292,398),
tChe,4,below,(400,-153,490,19),
tChee,0,base,(427,-15,784,511),largest
tChee,1,above,(105,482,790,693),
tChee,2,base,(118,-15,458,321),
tChee,3,above,(580,657,786,881),
tChee,4,above,(30,298,292,398),
tChee,5,below,(400,-153,490,19),
tChai,0,base,(427,-15,784,511),largest
tChai,1,below,(63,-323,818,-88),
tChai,2,above,(105,482,790,693),
tChai,3,base,(118,-15,458,321),
tChai,4,above,(30,298,292,398),
tChai,5,below,(400,-153,490,19),
tCho,0,base,(302,-15,784,729),largest
tCho,1,base,(118,-15,458,321),
tCho,2,base,(573,490,939,729),
tCho,3,below,(30,298,292,398),
tCho,4,below,(400,-153,490,19),
tChoo,0,base,(302,-15,784,729),largest
tChoo,1,base,(118,-15,458,321),
tChoo,2,base,(573,490,939,729),
tChoo,3,above,(730,704,936,904),
tChoo,4,below,(30,298,292,398),
tChoo,5,below,(400,-153,490,19),
tChau,0,base,(427,-15,784,511),largest
tChau,1,above,(287,458,1047,693),
tChau,2,base,(118,-15,458,321),
tChau,3,above,(294,482,710,665),
tChau,4,above,(30,298,292,398),
tChau,5,below,(400,-153,490,19),
tCh,0,base,(250,-15,784,662),largest
tCh,1,base,(118,-15,458,321),
tCh,2,above,(234,631,798,818),
tCh,3,base,(30,298,292,398),
tCh,4,below,(400,-153,490,19),
tJa,0,base,(73,-15,423,525),largest
tJa,1,base,(391,-15,734,247),
tJa,2,base,(356,279,690,529),
tJaa,0,base,(73,-15,423,525),largest
tJaa,1,base,(528,290,1031,525),
tJaa,2,base,(391,-15,734,247),
tJaa,3,base,(358,279,690,491),
tJi,0,base,(73,-15,423,525),largest
tJi,1,base,(367,279,732,670),
tJi,2,base,(391,-15,734,247),
tJii,0,base,(73,-15,423,525),largest
tJii,1,base,(370,279,732,670),
tJii,2,base,(391,-15,734,247),
tJii,3,above,(480,650,687,846),
tJu,0,base,(73,-15,423,525),largest
tJu,1,base,(381,-15,734,247),
tJu,2,base,(665,279,999,529),
tJu,3,base,(372,279,690,529),
tJuu,0,base,(73,-15,423,525),largest
tJuu,1,base,(873,290,1330,525),
tJuu,2,base,(379,-15,734,247),
tJuu,3,base,(669,279,999,525),
tJuu,4,base,(376,279,690,529),
tJe,0,base,(73,-15,423,525),largest
tJe,1,base,(92,486,697,693),
tJe,2,base,(380,-15,734,247),
tJe,3,base,(366,279,690,525),
tJee,0,base,(73,-15,423,525),largest
tJee,1,base,(92,486,697,693),
tJee,2,base,(380,-15,734,247),
tJee,3,base,(356,279,690,525),
tJee,4,above,(487,655,693,881),
tJai,0,base,(73,-15,423,525),largest
tJai,1,below,(50,-323,725,-88),
tJai,2,base,(92,486,697,693),
tJai,3,base,(370,-15,734,247),
tJai,4,base,(366,279,690,525),
tJo,0,base,(73,-15,423,525),largest
tJo,1,base,(363,279,690,729),
tJo,2,base,(370,-15,734,247),
tJo,3,base,(628,490,1005,729),
tJoo,0,base,(73,-15,423,525),largest
tJoo,1,base,(363,279,690,729),
tJoo,2,base,(370,-15,734,247),
tJoo,3,base,(628,490,1005,729),
tJoo,4,above,(796,699,1002,904),
tJau,0,base,(73,-15,423,525),largest
tJau,1,base,(439,458,1024,693),
tJau,2,base,(370,-15,734,247),
tJau,3,base,(366,279,690,525),
tJau,4,base,(581,491,697,660),
tJ,0,base,(73,-15,423,525),largest
tJ,1,base,(359,279,784,662),
tJ,2,base,(370,-15,734,247),
tJ,3,above,(447,631,921,818),
tJha,0,base,(73,-15,606,525),largest
tJha,1,base,(540,-15,990,525),
tJha,2,base,(929,-15,1352,525),
tJha,3,above,(336,501,643,734),
tJha,4,above,(189,507,357,659),
tJha,5,postbase,(932,-153,1022,19),
tJhaa,0,base,(73,-15,606,525),largest
tJhaa,1,base,(540,-15,990,525),
tJhaa,2,base,(929,-15,1349,493),
tJhaa,3,base,(1065,287,1682,520),
tJhaa,4,above,(336,501,643,734),
tJhaa,5,above,(189,507,357,659),
tJhaa,6,below,(932,-153,1022,19),
tJhi,0,base,(73,-15,606,525),largest
tJhi,1,base,(540,-15,990,525),
tJhi,2,base,(929,-15,1352,525),
tJhi,3,above,(143,459,521,713),
tJhi,4,postbase,(932,-153,1022,19),
tJhii,0,base,(73,-15,606,525),largest
tJhii,1,base,(550,-15,990,525),
tJhii,2,base,(939,-15,1352,525),
tJhii,3,above,(143,459,521,713),
tJhii,4,above,(233,695,440,884),
tJhii,5,postbase,(932,-153,1022,19),
tJhu,0,base,(73,-15,606,525),largest
tJhu,1,base,(550,-15,990,525),
tJhu,2,base,(929,-15,1351,525),
tJhu,3,base,(1305,-15,1720,525),
tJhu,4,above,(336,501,643,734),
tJhu,5,above,(189,507,357,659),
tJhu,6,below,(932,-153,1022,19),
tJhuu,0,base,(73,-15,606,525),largest
tJhuu,1,base,(550,-15,990,525),
tJhuu,2,base,(929,-15,1351,525),
tJhuu,3,base,(1305,-15,1717,498),
tJhuu,4,base,(1433,287,2050,520),
tJhuu,5,above,(336,501,643,734),
tJhuu,6,above,(189,507,357,659),
tJhuu,7,below,(932,-153,1022,19),
tJhe,0,base,(73,-15,606,513),largest
tJhe,1,base,(550,-15,990,525),
tJhe,2,base,(929,-15,1352,525),
tJhe,3,above,(35,482,620,693),
tJhe,4,postbase,(932,-153,1022,19),
tJhee,0,base,(73,-15,606,513),largest
tJhee,1,base,(550,-15,990,525),
tJhee,2,base,(929,-15,1352,525),
tJhee,3,above,(35,482,620,693),
tJhee,4,above,(410,657,616,881),
tJhee,5,postbase,(932,-153,1022,19),
tJhai,0,base,(73,-15,606,513),largest
tJhai,1,base,(550,-15,990,525),
tJhai,2,base,(929,-15,1352,525),
tJhai,3,below,(567,-323,1322,-88),
tJhai,4,above,(35,482,620,693),
tJhai,5,postbase,(932,-153,1022,19),
tJho,0,base,(73,-15,606,513),largest
tJho,1,base,(540,-15,990,525),
tJho,2,base,(929,-15,1351,525),
tJho,3,base,(1305,-15,1720,525),
tJho,4,above,(35,482,620,693),
tJho,5,below,(932,-153,1022,19),
tJhoo,0,base,(73,-15,606,513),largest
tJhoo,1,base,(540,-15,990,525),
tJhoo,2,base,(927,-15,1349,498),
tJhoo,3,base,(1065,287,1682,520),
tJhoo,4,above,(35,482,620,693),
tJhoo,5,below,(932,-153,1022,19),
tJhau,0,base,(73,-15,606,525),largest
tJhau,1,base,(540,-15,990,525),
tJhau,2,base,(929,-15,1352,502),
tJhau,3,above,(1055,458,1684,693),
tJhau,4,above,(336,501,643,734),
tJhau,5,above,(1062,482,1347,660),
tJhau,6,above,(189,507,357,659),
tJhau,7,postbase,(932,-153,1022,19),
tJh,0,base,(73,-15,606,525),largest
tJh,1,base,(540,-15,990,525),
tJh,2,base,(929,-15,1352,525),
tJh,3,above,(79,631,613,818),
tJh,4,above,(95,482,466,662),
tJh,5,postbase,(932,-153,1022,19),
tNya,0,base,(112,-61,686,525),largest
tNya,1,base,(60,309,372,525),
tNya,2,above,(780,335,856,525),
tNya,3,base,(654,311,964,354),
tNyaa,0,base,(112,-61,686,525),largest
tNyaa,1,base,(716,313,1311,548),
tNyaa,2,base,(60,309,372,525),
tNyaa,3,base,(654,311,964,354),
tNyaa,4,base,(783,335,853,525),
tNyi,0,base,(112,-61,686,525),largest
tNyi,1,above,(675,487,1050,794),
tNyi,2,base,(60,309,372,525),
tNyi,3,above,(782,335,853,525),
tNyi,4,base,(654,311,964,354),
tNyii,0,base,(112,-61,686,525),largest
tNyii,1,above,(675,487,1050,792),
tNyii,2,base,(60,309,372,525),
tNyii,3,above,(770,753,977,966),
tNyii,4,above,(782,335,853,525),
tNyii,5,base,(654,311,964,354),
tNyu,0,base,(654,-15,1399,525),largest
tNyu,1,base,(112,-61,686,525),
tNyu,2,base,(60,309,372,525),
tNyu,3,base,(780,335,856,525),
tNyuu,0,base,(665,-15,1399,492),largest
tNyuu,1,base,(112,-61,686,525),
tNyuu,2,base,(1115,287,1732,520),
tNyuu,3,base,(60,309,372,525),
tNyuu,4,base,(780,335,856,525),
tNye,0,base,(112,-61,686,525),largest
tNye,1,above,(381,482,976,693),
tNye,2,base,(60,309,372,525),
tNye,3,above,(782,335,854,525),
tNye,4,base,(654,311,964,354),
tNyee,0,base,(112,-61,686,525),largest
tNyee,1,above,(381,482,976,693),
tNyee,2,base,(60,309,372,525),
tNyee,3,above,(766,650,972,881),
tNyee,4,above,(782,335,854,525),
tNyee,5,base,(654,311,964,354),
tNyai,0,base,(112,-61,686,525),largest
tNyai,1,below,(33,-323,688,-88),
tNyai,2,above,(381,482,976,693),
tNyai,3,base,(60,309,372,525),
tNyai,4,above,(782,335,854,525),
tNyai,5,base,(654,311,964,354),
tNyo,0,base,(112,-61,686,525),largest
tNyo,1,above,(926,490,1286,729),
tNyo,2,above,(659,485,954,729),
tNyo,3,base,(60,309,372,525),
tNyo,4,above,(782,335,855,520),
tNyo,5,base,(654,311,964,354),
tNyoo,0,base,(112,-61,686,525),largest
tNyoo,1,above,(926,490,1286,729),
tNyoo,2,above,(659,485,954,729),
tNyoo,3,base,(60,309,372,525),
tNyoo,4,disconnected,(1082,706,1283,904),
tNyoo,5,above,(782,335,855,520),
tNyoo,6,base,(654,311,964,354),
tNyau,0,base,(112,-61,686,525),largest
tNyau,1,above,(709,458,1313,693),
tNyau,2,base,(60,309,372,525),
tNyau,3,above,(716,482,986,665),
tNyau,4,base,(654,311,964,354),
tNyau,5,above,(783,335,854,503),
tNy,0,base,(112,-61,686,525),largest
tNy,1,above,(665,630,1149,818),
tNy,2,base,(60,309,372,525),
tNy,3,above,(681,482,1012,662),
tNy,4,base,(654,311,964,354),
tNy,5,above,(783,335,854,503),
tTta,0,base,(73,-15,460,525),largest
tTta,1,base,(438,-15,792,525),
tTta,2,above,(260,507,336,695),
tTtaa,0,base,(73,-15,460,525),largest
tTtaa,1,base,(438,-15,790,498),
tTtaa,2,base,(509,287,1118,520),
tTtaa,3,above,(260,507,336,695),
tTti,0,base,(73,-15,460,525),largest
tTti,1,base,(438,-15,792,487),
tTti,2,above,(406,464,791,828),
tTti,3,above,(260,507,336,695),
tTtii,0,base,(73,-15,460,525),largest
tTtii,1,base,(438,-15,792,487),
tTtii,2,above,(406,464,791,828),
tTtii,3,above,(537,803,744,1004),
tTtii,4,above,(260,507,336,695),
tTtu,0,base,(755,-15,1160,525),largest
tTtu,1,base,(73,-15,460,525),
tTtu,2,base,(438,-15,791,525),
tTtu,3,above,(260,507,336,695),
tTtuu,0,base,(73,-15,460,525),largest
tTtuu,1,base,(755,-15,1157,498),
tTtuu,2,base,(438,-15,791,525),
tTtuu,3,base,(873,287,1490,520),
tTtuu,4,above,(260,507,336,695),
tTte,0,base,(123,-15,510,525),largest
tTte,1,base,(488,-15,842,525),
tTte,2,above,(18,482,490,693),
tTtee,0,base,(123,-15,510,525),largest
tTtee,1,base,(488,-15,842,525),
tTtee,2,above,(18,482,490,693),
tTtee,3,above,(280,650,486,881),
tTtai,0,base,(123,-15,510,525),largest
tTtai,1,base,(488,-15,842,525),
tTtai,2,below,(118,-323,813,-88),
tTtai,3,above,(18,482,490,693),
tTto,0,base,(417,-15,792,729),largest
tTto,1,base,(73,-15,460,525),
tTto,2,base,(686,490,1052,729),
tTto,3,above,(255,507,331,695),
tTtoo,0,base,(417,-15,792,729),largest
tTtoo,1,base,(73,-15,460,525),
tTtoo,2,base,(688,490,1052,729),
tTtoo,3,above,(843,706,1049,904),
tTtoo,4,above,(255,507,331,695),
tTtau,0,base,(73,-15,460,525),largest
tTtau,1,base,(438,-15,790,502),
tTtau,2,above,(497,458,1122,693),
tTtau,3,above,(504,482,785,660),
tTtau,4,above,(260,507,336,695),
tTt,0,base,(434,-15,816,662),largest
tTt,1,base,(73,-15,460,525),
tTt,2,above,(419,631,964,818),
tTt,3,above,(255,507,331,695),
tTtha,0,base,(73,-15,607,525),largest
tTtha,1,above,(336,501,643,734),
tTtha,2,above,(189,507,357,659),
tTtha,3,base,(279,228,400,351),
tTthaa,0,base,(73,-15,607,525),largest
tTthaa,1,base,(102,313,902,548),
tTthaa,2,base,(279,228,400,351),
tTthi,0,base,(73,-15,607,525),largest
tTthi,1,above,(143,459,521,713),
tTthi,2,base,(279,228,400,351),
tTthii,0,base,(73,-15,607,525),largest
tTthii,1,above,(143,459,521,713),
tTthii,2,above,(233,695,440,884),
tTthii,3,base,(279,228,400,351),
tTthu,0,base,(73,-15,607,525),largest
tTthu,1,base,(559,-15,976,525),
tTthu,2,above,(336,501,643,734),
tTthu,3,above,(189,507,357,659),
tTthu,4,base,(279,228,400,351),
tTthuu,0,base,(73,-15,606,525),largest
tTthuu,1,base,(546,-15,973,498),
tTthuu,2,base,(689,287,1306,520),
tTthuu,3,above,(336,501,643,734),
tTthuu,4,above,(189,507,357,659),
tTthuu,5,base,(279,228,400,351),
tTthe,0,base,(73,-15,607,513),largest
tTthe,1,above,(35,482,620,693),
tTthe,2,base,(279,228,400,351),
tTthee,0,base,(73,-15,607,513),largest
tTthee,1,above,(35,482,620,693),
tTthee,2,above,(410,657,616,881),
tTthee,3,base,(279,228,400,351),
tTthai,0,base,(73,-15,607,513),largest
tTthai,1,below,(-7,-323,648,-88),
tTthai,2,above,(35,482,620,693),
tTthai,3,base,(279,228,400,351),
tTtho,0,base,(73,-15,607,525),largest
tTtho,1,above,(357,490,723,729),
tTtho,2,above,(86,484,387,729),
tTtho,3,base,(279,228,400,351),
tTthoo,0,base,(73,-15,607,525),largest
tTthoo,1,above,(359,490,723,729),
tTthoo,2,above,(86,460,385,729),
tTthoo,3,above,(514,709,720,904),
tTthoo,4,base,(279,228,400,351),
tTthau,0,base,(73,-15,607,513),largest
tTthau,1,above,(95,458,885,693),
tTthau,2,above,(102,482,548,660),
tTthau,3,base,(279,228,400,351),
tTth,0,base,(73,-15,607,525),largest
tTth,1,above,(79,631,613,818),
tTth,2,above,(95,482,466,662),
tTth,3,base,(279,228,400,351),
tDda,0,base,(73,-15,745,525),largest
tDda,1,above,(399,501,706,734),
tDda,2,base,(475,184,720,410),
tDda,3,above,(252,507,420,659),
tDdaa,0,base,(73,-15,745,525),largest
tDdaa,1,base,(145,313,995,548),
tDdaa,2,base,(475,184,720,410),
tDdi,0,base,(73,-15,745,515),largest
tDdi,1,above,(231,491,606,794),
tDdi,2,base,(475,184,720,410),
tDdii,0,base,(73,-15,745,515),largest
tDdii,1,above,(231,491,606,792),
tDdii,2,base,(475,184,720,410),
tDdii,3,above,(326,768,533,966),
tDdu,0,base,(73,-15,737,525),largest
tDdu,1,base,(700,-15,1109,525),
tDdu,2,above,(399,501,706,734),
tDdu,3,base,(475,184,720,410),
tDdu,4,above,(252,507,420,659),
tDduu,0,base,(73,-15,737,525),largest
tDduu,1,base,(700,-15,1106,498),
tDduu,2,base,(822,287,1439,520),
tDduu,3,above,(399,501,706,734),
tDduu,4,base,(475,184,720,423),
tDduu,5,above,(252,507,420,659),
tDde,0,base,(73,-15,745,507),largest
tDde,1,above,(74,482,699,693),
tDde,2,base,(475,184,720,419),
tDdee,0,base,(73,-15,745,507),largest
tDdee,1,above,(74,482,699,693),
tDdee,2,base,(475,184,720,410),
tDdee,3,above,(489,665,695,881),
tDdai,0,base,(73,-15,745,507),largest
tDdai,1,below,(32,-323,727,-88),
tDdai,2,above,(74,482,699,693),
tDdai,3,base,(475,184,720,410),
tDdo,0,base,(73,-15,745,525),largest
tDdo,1,above,(429,490,795,729),
tDdo,2,above,(158,484,459,729),
tDdo,3,base,(475,184,720,410),
tDdoo,0,base,(73,-15,745,525),largest
tDdoo,1,above,(431,490,795,729),
tDdoo,2,above,(158,486,467,729),
tDdoo,3,base,(475,184,720,410),
tDdoo,4,above,(586,696,792,904),
tDdau,0,base,(73,-15,745,507),largest
tDdau,1,above,(187,458,987,693),
tDdau,2,above,(194,482,655,660),
tDdau,3,base,(475,184,720,410),
tDd,0,base,(73,-15,745,525),largest
tDd,1,above,(161,631,705,818),
tDd,2,above,(177,482,558,662),
tDd,3,base,(475,184,720,410),
tDdha,0,base,(73,-15,745,525),largest
tDdha,1,above,(399,501,706,734),
tDdha,2,base,(475,184,720,410),
tDdha,3,above,(252,507,420,659),
tDdha,4,below,(361,-153,451,19),
tDdhaa,0,base,(73,-15,745,525),largest
tDdhaa,1,base,(145,313,995,548),
tDdhaa,2,base,(475,184,720,410),
tDdhaa,3,below,(361,-153,451,19),
tDdhi,0,base,(73,-15,745,515),largest
tDdhi,1,above,(231,491,606,794),
tDdhi,2,base,(475,184,720,410),
tDdhi,3,below,(361,-153,451,19),
tDdhii,0,base,(73,-15,745,515),largest
tDdhii,1,above,(231,491,606,792),
tDdhii,2,base,(475,184,720,418),
tDdhii,3,above,(326,768,533,966),
tDdhii,4,below,(361,-153,451,19),
tDdhu,0,base,(73,-15,737,525),largest
tDdhu,1,base,(700,-15,1109,525),
tDdhu,2,above,(399,501,706,734),
tDdhu,3,base,(475,184,720,418),
tDdhu,4,above,(252,507,420,659),
tDdhu,5,below,(361,-153,451,19),
tDdhuu,0,base,(73,-15,737,525),largest
tDdhuu,1,base,(700,-15,1106,498),
tDdhuu,2,base,(822,287,1439,520),
tDdhuu,3,above,(399,501,706,734),
tDdhuu,4,base,(475,184,720,418),
tDdhuu,5,above,(252,507,420,659),
tDdhuu,6,below,(361,-153,451,19),
tDdhe,0,base,(73,-15,745,507),largest
tDdhe,1,above,(74,482,699,693),
tDdhe,2,base,(475,184,720,418),
tDdhe,3,below,(361,-153,451,19),
tDdhee,0,base,(73,-15,745,507),largest
tDdhee,1,above,(74,482,699,693),
tDdhee,2,base,(475,184,720,418),
tDdhee,3,above,(489,665,695,881),
tDdhee,4,below,(361,-153,451,19),
tDdhai,0,base,(73,-15,745,507),largest
tDdhai,1,below,(32,-323,727,-88),
tDdhai,2,above,(74,482,699,693),
tDdhai,3,base,(475,184,720,418),
tDdhai,4,below,(361,-153,451,19),
tDdho,0,base,(73,-15,745,525),largest
tDdho,1,above,(429,490,795,729),
tDdho,2,above,(158,484,459,729),
tDdho,3,base,(475,184,720,418),
tDdho,4,below,(361,-153,451,19),
tDdhoo,0,base,(73,-15,745,525),largest
tDdhoo,1,above,(431,490,795,729),
tDdhoo,2,above,(158,486,467,729),
tDdhoo,3,base,(475,184,720,418),
tDdhoo,4,above,(586,696,792,904),
tDdhoo,5,below,(361,-153,451,19),
tDdhau,0,base,(73,-15,745,507),largest
tDdhau,1,above,(187,458,987,693),
tDdhau,2,above,(194,482,655,660),
tDdhau,3,base,(475,184,720,418),
tDdhau,4,below,(361,-153,451,19),
tDdh,0,base,(73,-15,745,525),largest
tDdh,1,above,(161,631,705,818),
tDdh,2,above,(177,482,558,662),
tDdh,3,base,(475,184,720,418),
tDdh,4,below,(361,-153,451,19),
tNna,0,base,(415,-15,821,525),largest
tNna,1,base,(73,227,439,525),
tNna,2,base,(73,-15,389,263),
tNnaa,0,base,(415,-15,821,478),largest
tNnaa,1,base,(419,292,1158,525),
tNnaa,2,base,(73,227,439,525),
tNnaa,3,base,(73,-15,389,263),
tNni,0,base,(415,-15,821,525),largest
tNni,1,base,(404,491,779,794),
tNni,2,base,(73,227,439,525),
tNni,3,base,(73,-15,389,263),
tNnii,0,base,(415,-15,821,525),largest
tNnii,1,base,(404,490,779,792),
tNnii,2,base,(73,227,439,525),
tNnii,3,base,(73,-15,389,263),
tNnii,4,above,(499,768,706,966),
tNnu,0,base,(781,-15,1190,525),largest
tNnu,1,base,(415,-15,821,525),
tNnu,2,base,(73,227,439,525),
tNnu,3,base,(73,-15,389,263),
tNnuu,0,base,(415,-15,821,525),largest
tNnuu,1,base,(781,-15,1187,498),
tNnuu,2,base,(903,287,1520,520),
tNnuu,3,base,(73,227,439,525),
tNnuu,4,base,(73,-15,389,263),
tNne,0,base,(415,-15,821,501),largest
tNne,1,base,(75,482,810,693),
tNne,2,base,(73,227,439,525),
tNne,3,base,(73,-15,389,263),
tNnee,0,base,(415,-15,821,501),largest
tNnee,1,base,(75,482,810,693),
tNnee,2,base,(73,227,439,525),
tNnee,3,base,(73,-15,389,263),
tNnee,4,above,(600,665,806,881),
tNnai,0,base,(415,-15,821,501),largest
tNnai,1,below,(33,-323,828,-88),
tNnai,2,base,(75,482,810,693),
tNnai,3,base,(73,227,439,525),
tNnai,4,base,(73,-15,389,263),
tNno,0,base,(415,-15,821,525),largest
tNno,1,base,(73,227,439,525),
tNno,2,base,(73,-15,389,263),
tNno,3,above,(684,490,1050,729),
tNno,4,above,(413,484,714,729),
tNnoo,0,base,(415,-15,821,525),largest
tNnoo,1,base,(73,227,439,525),
tNnoo,2,base,(73,-15,389,263),
tNnoo,3,above,(686,490,1050,729),
tNnoo,4,above,(413,484,714,729),
tNnoo,5,disconnected,(841,696,1047,904),
tNnau,0,base,(415,-15,821,505),largest
tNnau,1,base,(412,458,1161,693),
tNnau,2,base,(73,227,439,525),
tNnau,3,base,(73,-15,389,263),
tNnau,4,base,(419,482,824,660),
tNn,0,base,(415,-15,821,525),largest
tNn,1,base,(73,227,439,525),
tNn,2,above,(399,631,933,818),
tNn,3,base,(73,-15,389,263),
tNn,4,above,(415,482,786,662),
tTa,0,base,(73,-15,741,432),largest
tTa,1,above,(397,498,713,734),
tTa,2,above,(410,395,658,529),
tTa,3,above,(259,497,433,659),
tTaa,0,base,(73,-15,741,432),largest
tTaa,1,above,(92,321,1002,556),
tTaa,2,above,(442,395,658,513),
tTi,0,base,(73,-15,741,432),largest
tTi,1,above,(187,361,690,771),
tTii,0,base,(73,-15,741,432),largest
tTii,1,above,(187,361,690,770),
tTii,2,above,(245,750,452,946),
tTu,0,base,(73,-15,741,432),largest
tTu,1,base,(707,-15,1109,525),
tTu,2,above,(397,498,713,734),
tTu,3,above,(410,395,658,529),
tTu,4,above,(259,497,433,659),
tTuu,0,base,(73,-15,741,432),largest
tTuu,1,base,(707,-15,1106,478),
tTuu,2,base,(822,287,1439,520),
tTuu,3,above,(397,501,713,734),
tTuu,4,above,(410,395,658,529),
tTuu,5,above,(259,497,433,659),
tTe,0,base,(73,-15,741,432),largest
tTe,1,above,(83,490,741,699),
tTe,2,above,(442,395,658,513),
tTee,0,base,(73,-15,741,432),largest
tTee,1,above,(83,490,741,699),
tTee,2,above,(531,677,737,887),
tTee,3,above,(442,395,658,513),
tTai,0,base,(73,-15,741,432),largest
tTai,1,below,(41,-323,769,-88),
tTai,2,above,(83,490,741,699),
tTai,3,above,(442,395,658,513),
tTo,0,base,(73,-15,741,432),largest
tTo,1,above,(275,395,658,734),
tTo,2,above,(544,495,910,734),
tToo,0,base,(73,-15,741,432),largest
tToo,1,above,(275,395,658,734),
tToo,2,above,(544,495,910,734),
tToo,3,above,(701,709,907,909),
tTau,0,base,(73,-15,741,432),largest
tTau,1,above,(359,464,1079,699),
tTau,2,above,(366,490,752,671),
tTau,3,above,(442,395,658,507),
tT,0,base,(73,-15,741,432),largest
tT,1,above,(317,395,709,667),
tT,2,above,(302,636,856,823),
tTha,0,base,(73,-15,745,525),largest
tTha,1,above,(399,501,706,734),
tTha,2,above,(252,507,420,659),
tTha,3,below,(361,-153,451,19),
tTha,4,base,(345,257,466,380),
tThaa,0,base,(73,-15,745,525),largest
tThaa,1,base,(145,313,995,548),
tThaa,2,below,(361,-153,451,19),
tThaa,3,base,(345,257,466,380),
tThi,0,base,(73,-15,745,525),largest
tThi,1,above,(210,467,588,713),
tThi,2,below,(361,-153,451,19),
tThi,3,base,(345,257,466,380),
tThii,0,base,(73,-15,745,525),largest
tThii,1,above,(210,459,588,713),
tThii,2,above,(300,695,507,884),
tThii,3,below,(360,-153,450,19),
tThii,4,base,(344,257,465,380),
tThu,0,base,(73,-15,745,525),largest
tThu,1,base,(690,-15,1109,525),
tThu,2,above,(399,501,706,734),
tThu,3,above,(252,507,420,659),
tThu,4,below,(361,-153,451,19),
tThu,5,base,(345,257,466,380),
tThuu,0,base,(73,-15,745,525),largest
tThuu,1,base,(690,-15,1106,498),
tThuu,2,base,(822,287,1439,520),
tThuu,3,above,(399,501,706,734),
tThuu,4,above,(252,507,420,659),
tThuu,5,below,(361,-153,451,19),
tThuu,6,base,(345,257,466,380),
tThe,0,base,(73,-15,745,509),largest
tThe,1,above,(74,482,699,693),
tThe,2,below,(361,-153,451,19),
tThe,3,base,(345,257,466,380),
tThee,0,base,(73,-15,745,509),largest
tThee,1,above,(74,482,699,693),
tThee,2,above,(489,665,695,881),
tThee,3,below,(361,-153,451,19),
tThee,4,base,(345,257,466,380),
tThai,0,base,(73,-15,745,509),largest
tThai,1,below,(32,-323,727,-88),
tThai,2,above,(74,482,699,693),
tThai,3,below,(361,-153,451,19),
tThai,4,base,(345,257,466,380),
tTho,0,base,(73,-15,745,525),largest
tTho,1,above,(429,490,795,729),
tTho,2,above,(158,484,459,729),
tTho,3,below,(361,-153,451,19),
tTho,4,base,(345,257,466,380),
tThoo,0,base,(73,-15,745,525),largest
tThoo,1,above,(431,490,795,729),
tThoo,2,above,(158,486,467,729),
tThoo,3,above,(586,696,792,904),
tThoo,4,below,(361,-153,451,19),
tThoo,5,base,(345,257,466,380),
tThau,0,base,(73,-15,745,509),largest
tThau,1,above,(187,458,987,693),
tThau,2,above,(194,482,655,660),
tThau,3,below,(361,-153,451,19),
tThau,4,base,(345,257,466,380),
tTh,0,base,(73,-15,745,525),largest
tTh,1,above,(161,631,705,818),
tTh,2,above,(177,482,558,662),
tTh,3,below,(361,-153,451,19),
tTh,4,base,(345,257,466,380),
tDa,0,base,(73,-15,745,525),largest
tDa,1,above,(399,501,706,734),
tDa,2,above,(252,507,420,659),
tDaa,0,base,(73,-15,745,525),largest
tDaa,1,base,(145,313,995,548),
tDi,0,base,(73,-15,745,525),largest
tDi,1,above,(210,467,588,713),
tDii,0,base,(73,-15,745,525),largest
tDii,1,above,(210,459,588,713),
tDii,2,above,(300,695,507,884),
tDu,0,base,(73,-15,745,525),largest
tDu,1,base,(680,-15,1109,525),
tDu,2,above,(399,501,706,734),
tDu,3,above,(252,507,420,659),
tDuu,0,base,(73,-15,745,525),largest
tDuu,1,base,(690,-15,1106,498),
tDuu,2,base,(822,287,1439,520),
tDuu,3,above,(399,501,706,734),
tDuu,4,above,(252,507,420,659),
tDe,0,base,(73,-15,745,509),largest
tDe,1,above,(74,482,699,693),
tDee,0,base,(73,-15,745,509),largest
tDee,1,above,(74,482,699,693),
tDee,2,above,(489,665,695,881),
tDai,0,base,(73,-15,745,509),largest
tDai,1,below,(32,-323,727,-88),
tDai,2,above,(74,482,699,693),
tDo,0,base,(73,-15,745,525),largest
tDo,1,above,(429,490,795,729),
tDo,2,above,(158,484,459,729),
tDoo,0,base,(73,-15,745,525),largest
tDoo,1,above,(431,490,795,729),
tDoo,2,above,(158,486,467,729),
tDoo,3,above,(586,696,792,904),
tDau,0,base,(73,-15,745,509),largest
tDau,1,above,(187,458,987,693),
tDau,2,above,(194,482,655,660),
tD,0,base,(73,-15,745,525),largest
tD,1,above,(161,631,705,818),
tD,2,above,(177,482,558,662),
tDha,0,base,(73,-15,745,525),largest
tDha,1,above,(399,501,706,734),
tDha,2,above,(252,507,420,659),
tDha,3,below,(361,-153,451,19),
tDhaa,0,base,(73,-15,745,525),largest
tDhaa,1,base,(145,313,995,548),
tDhaa,2,below,(361,-153,451,19),
tDhi,0,base,(73,-15,745,525),largest
tDhi,1,above,(210,467,588,713),
tDhi,2,below,(361,-153,451,19),
tDhii,0,base,(73,-15,745,525),largest
tDhii,1,above,(210,459,588,713),
tDhii,2,above,(300,695,507,884),
tDhii,3,below,(361,-153,451,19),
tDhu,0,base,(73,-15,745,525),largest
tDhu,1,base,(690,-15,1109,525),
tDhu,2,above,(399,501,706,734),
tDhu,3,above,(252,507,420,659),
tDhu,4,below,(361,-153,451,19),
tDhuu,0,base,(73,-15,745,525),largest
tDhuu,1,base,(690,-15,1106,498),
tDhuu,2,base,(822,287,1439,520),
tDhuu,3,above,(399,501,706,734),
tDhuu,4,above,(252,507,420,659),
tDhuu,5,below,(361,-153,451,19),
tDhe,0,base,(73,-15,745,509),largest
tDhe,1,above,(74,482,699,693),
tDhe,2,below,(361,-153,451,19),
tDhee,0,base,(73,-15,745,509),largest
tDhee,1,above,(74,482,699,693),
tDhee,2,above,(489,665,695,881),
tDhee,3,below,(361,-153,451,19),
tDhai,0,base,(73,-15,745,509),largest
tDhai,1,below,(32,-323,727,-88),
tDhai,2,above,(74,482,699,693),
tDhai,3,below,(361,-153,451,19),
tDho,0,base,(73,-15,745,525),largest
tDho,1,above,(429,490,795,729),
tDho,2,above,(158,484,459,729),
tDho,3,below,(361,-153,451,19),
tDhoo,0,base,(73,-15,745,525),largest
tDhoo,1,above,(431,490,795,729),
tDhoo,2,above,(158,486,467,729),
tDhoo,3,above,(586,696,792,904),
tDhoo,4,below,(361,-153,451,19),
tDhau,0,base,(73,-15,745,509),largest
tDhau,1,above,(187,458,987,693),
tDhau,2,above,(194,482,655,660),
tDhau,3,below,(361,-153,451,19),
tDh,0,base,(73,-15,745,525),largest
tDh,1,above,(161,631,705,818),
tDh,2,above,(177,482,558,662),
tDh,3,below,(361,-153,451,19),
tNa,0,base,(60,-24,664,533),largest
tNa,1,above,(267,498,574,734),
tNa,2,above,(120,485,288,659),
tNaa,0,base,(60,-24,663,494),largest
tNaa,1,base,(100,287,994,520),
tNi,0,base,(60,-24,688,771),largest
tNii,0,base,(60,-24,688,771),largest
tNii,1,above,(195,758,402,946),
tNu,0,base,(60,-24,662,530),largest
tNu,1,base,(628,-15,1032,525),
tNu,2,above,(267,499,574,734),
tNu,3,above,(120,485,288,659),
tNuu,0,base,(60,-24,662,530),largest
tNuu,1,base,(628,-15,1029,498),
tNuu,2,base,(745,287,1362,520),
tNuu,3,above,(267,499,574,734),
tNuu,4,above,(120,485,288,659),
tNe,0,base,(60,-24,664,505),largest
tNe,1,above,(50,482,655,693),
tNee,0,base,(60,-24,664,505),largest
tNee,1,above,(50,482,655,693),
tNee,2,above,(445,656,651,881),
tNai,0,base,(60,-24,664,505),largest
tNai,1,below,(28,-323,683,-88),
tNai,2,above,(50,482,655,693),
tNo,0,base,(60,-24,664,729),largest
tNo,1,base,(480,490,846,729),
tNoo,0,base,(60,-24,664,729),largest
tNoo,1,base,(482,490,846,729),
tNoo,2,above,(637,696,843,904),
tNau,0,base,(60,-24,664,505),largest
tNau,1,above,(193,458,992,693),
tNau,2,above,(200,482,655,660),
tN,0,base,(60,-24,664,662),largest
tN,1,above,(216,632,798,818),
tNakaaraPollu,0,base,(73,321,641,529),largest
tNakaaraPollu,1,base,(82,161,470,356),
tNakaaraPollu,2,base,(90,-11,450,197),
tPa,0,base,(328,-15,696,525),largest
tPa,1,base,(60,-15,347,283),
tPa,2,above,(228,497,535,734),
tPa,3,above,(81,497,249,659),
tPaa,0,base,(262,-15,715,796),largest
tPaa,1,base,(76,277,1019,520),
tPaa,2,base,(60,-15,347,283),
tPi,0,base,(328,-15,696,525),largest
tPi,1,above,(24,487,399,794),
tPi,2,base,(60,-15,347,283),
tPii,0,base,(328,-15,696,525),largest
tPii,1,above,(24,487,399,792),
tPii,2,base,(60,-15,347,283),
tPii,3,above,(119,768,326,966),
tPu,0,base,(348,-240,861,563),largest
tPu,1,base,(328,-15,696,525),
tPu,2,base,(60,-15,347,283),
tPu,3,above,(228,497,535,734),
tPu,4,above,(81,497,249,659),
tPuu,0,base,(348,-240,861,500),largest
tPuu,1,base,(328,-15,696,525),
tPuu,2,base,(659,315,1257,550),
tPuu,3,base,(60,-15,347,283),
tPuu,4,above,(228,497,535,734),
tPuu,5,above,(81,497,249,659),
tPe,0,base,(471,-15,839,525),largest
tPe,1,above,(18,482,513,693),
tPe,2,base,(203,-15,490,283),
tPee,0,base,(471,-15,839,525),largest
tPee,1,above,(18,482,513,693),
tPee,2,base,(203,-15,490,283),
tPee,3,above,(303,656,509,881),
tPai,0,base,(471,-15,839,525),largest
tPai,1,below,(163,-323,818,-88),
tPai,2,above,(18,482,513,693),
tPai,3,base,(203,-15,490,283),
tPo,0,base,(262,-15,715,796),largest
tPo,1,base,(468,285,986,542),
tPo,2,base,(60,-15,347,280),
tPo,3,base,(124,318,485,542),
tPoo,0,base,(262,-15,715,796),largest
tPoo,1,base,(468,285,986,542),
tPoo,2,base,(60,-15,347,280),
tPoo,3,base,(124,318,485,542),
tPoo,4,above,(774,494,980,702),
tPau,0,base,(262,-15,715,796),largest
tPau,1,base,(96,294,1019,529),
tPau,2,base,(60,-15,347,280),
tPau,3,base,(103,326,532,496),
tP,0,base,(328,-15,696,525),largest
tP,1,above,(69,630,563,818),
tP,2,base,(60,-15,347,283),
tP,3,above,(85,482,416,662),
tPha,0,base,(328,-15,696,525),largest
tPha,1,base,(60,-15,347,283),
tPha,2,above,(228,497,535,734),
tPha,3,above,(81,497,249,659),
tPha,4,below,(305,-153,395,19),
tPhaa,0,base,(262,-15,715,796),largest
tPhaa,1,base,(76,277,1019,520),
tPhaa,2,base,(60,-15,347,283),
tPhaa,3,below,(309,-153,399,19),
tPhi,0,base,(328,-15,696,525),largest
tPhi,1,above,(24,487,399,794),
tPhi,2,base,(60,-15,347,283),
tPhi,3,below,(305,-153,395,19),
tPhii,0,base,(328,-15,696,525),largest
tPhii,1,above,(24,487,399,792),
tPhii,2,base,(60,-15,347,283),
tPhii,3,above,(119,768,326,966),
tPhii,4,below,(305,-153,395,19),
tPhu,0,base,(354,-240,861,563),largest
tPhu,1,base,(328,-15,696,525),
tPhu,2,base,(60,-15,347,283),
tPhu,3,above,(228,497,535,734),
tPhu,4,above,(81,497,249,659),
tPhu,5,below,(256,-198,344,-26),
tPhuu,0,base,(354,-240,861,500),largest
tPhuu,1,base,(328,-15,696,525),
tPhuu,2,base,(659,315,1257,550),
tPhuu,3,base,(60,-15,347,283),
tPhuu,4,above,(228,497,535,734),
tPhuu,5,above,(81,497,249,659),
tPhuu,6,below,(256,-198,344,-26),
tPhe,0,base,(471,-15,839,525),largest
tPhe,1,above,(18,482,513,693),
tPhe,2,base,(203,-15,490,283),
tPhe,3,below,(448,-153,538,19),
tPhee,0,base,(471,-15,839,525),largest
tPhee,1,above,(18,482,513,693),
tPhee,2,base,(203,-15,490,283),
tPhee,3,above,(303,656,509,881),
tPhee,4,below,(448,-153,538,19),
tPhai,0,base,(471,-15,839,525),largest
tPhai,1,below,(163,-323,818,-88),
tPhai,2,above,(18,482,513,693),
tPhai,3,base,(203,-15,490,283),
tPhai,4,below,(448,-153,538,19),
tPho,0,base,(262,-15,715,796),largest
tPho,1,base,(468,285,986,542),
tPho,2,base,(60,-15,347,280),
tPho,3,base,(124,318,485,542),
tPho,4,below,(309,-153,399,19),
tPhoo,0,base,(262,-15,715,796),largest
tPhoo,1,base,(468,285,986,542),
tPhoo,2,base,(60,-15,347,280),
tPhoo,3,base,(124,318,485,542),
tPhoo,4,above,(774,494,980,702),
tPhoo,5,below,(309,-153,399,19),
tPhau,0,base,(262,-15,715,796),largest
tPhau,1,base,(96,294,1019,529),
tPhau,2,base,(60,-15,347,280),
tPhau,3,base,(103,326,532,496),
tPhau,4,below,(309,-153,399,19),
tPh,0,base,(328,-15,696,525),largest
tPh,1,above,(69,630,563,818),
tPh,2,base,(60,-15,347,283),
tPh,3,above,(85,482,416,662),
tPh,4,below,(305,-153,395,19),
tBa,0,base,(381,-15,756,525),largest
tBa,1,base,(73,-15,421,525),
tBaa,0,base,(381,-15,756,498),largest
tBaa,1,base,(73,-15,421,525),
tBaa,2,base,(472,287,1089,520),
tBi,0,base,(203,-15,778,771),largest
tBi,1,base,(73,-15,433,508),
tBii,0,base,(203,-15,778,771),largest
tBii,1,base,(73,-15,433,508),
tBii,2,above,(280,750,487,946),
tBu,0,base,(733,-15,1124,525),largest
tBu,1,base,(381,-15,756,525),
tBu,2,base,(73,-15,421,525),
tBuu,0,base,(381,-15,756,525),largest
tBuu,1,base,(733,-15,1121,498),
tBuu,2,base,(73,-15,421,525),
tBuu,3,base,(837,287,1454,520),
tBe,0,base,(381,-15,756,505),largest
tBe,1,base,(73,-15,421,525),
tBe,2,above,(105,482,750,693),
tBee,0,base,(381,-15,756,505),largest
tBee,1,base,(73,-15,421,525),
tBee,2,above,(105,482,750,693),
tBee,3,above,(540,665,746,881),
tBai,0,base,(381,-15,756,505),largest
tBai,1,base,(73,-15,421,525),
tBai,2,below,(63,-323,768,-88),
tBai,3,above,(105,482,750,693),
tBo,0,base,(359,-15,756,729),largest
tBo,1,base,(73,-15,421,525),
tBo,2,base,(628,490,994,729),
tBoo,0,base,(359,-15,756,729),largest
tBoo,1,base,(73,-15,421,525),
tBoo,2,base,(630,490,994,729),
tBoo,3,above,(785,696,991,904),
tBau,0,base,(381,-15,756,505),largest
tBau,1,base,(73,-15,421,525),
tBau,2,above,(463,458,1092,693),
tBau,3,above,(470,482,755,660),
tB,0,base,(381,-15,781,662),largest
tB,1,base,(73,-15,421,525),
tB,2,above,(394,631,928,818),
tBha,0,base,(405,-15,758,530),largest
tBha,1,base,(73,-15,427,525),
tBha,2,above,(482,499,789,734),
tBha,3,above,(335,485,503,659),
tBha,4,below,(364,-153,454,19),
tBhaa,0,base,(381,-15,756,498),largest
tBhaa,1,base,(73,-15,421,525),
tBhaa,2,base,(472,287,1089,520),
tBhaa,3,below,(364,-153,454,19),
tBhi,0,base,(203,-15,778,771),largest
tBhi,1,base,(73,-15,433,508),
tBhi,2,below,(369,-153,459,19),
tBhii,0,base,(203,-15,778,771),largest
tBhii,1,base,(73,-15,433,508),
tBhii,2,above,(280,750,487,946),
tBhii,3,below,(369,-153,459,19),
tBhu,0,base,(720,-15,1124,525),largest
tBhu,1,base,(73,-15,427,525),
tBhu,2,base,(405,-15,755,530),
tBhu,3,above,(482,499,789,734),
tBhu,4,above,(335,485,503,659),
tBhu,5,below,(364,-153,454,19),
tBhuu,0,base,(720,-15,1121,498),largest
tBhuu,1,base,(73,-15,427,525),
tBhuu,2,base,(405,-15,755,530),
tBhuu,3,base,(837,287,1454,520),
tBhuu,4,above,(482,499,789,734),
tBhuu,5,above,(335,485,503,659),
tBhuu,6,below,(364,-153,454,19),
tBhe,0,base,(381,-15,756,505),largest
tBhe,1,base,(73,-15,421,525),
tBhe,2,above,(105,482,750,693),
tBhe,3,below,(364,-153,454,19),
tBhee,0,base,(381,-15,756,505),largest
tBhee,1,base,(73,-15,421,525),
tBhee,2,above,(105,482,750,693),
tBhee,3,above,(540,665,746,881),
tBhee,4,below,(364,-153,454,19),
tBhai,0,base,(381,-15,756,505),largest
tBhai,1,base,(73,-15,421,525),
tBhai,2,below,(63,-323,768,-88),
tBhai,3,above,(105,482,750,693),
tBhai,4,below,(364,-153,454,19),
tBho,0,base,(359,-15,756,729),largest
tBho,1,base,(73,-15,421,525),
tBho,2,base,(628,490,994,729),
tBho,3,below,(364,-153,454,19),
tBhoo,0,base,(359,-15,756,729),largest
tBhoo,1,base,(73,-15,421,525),
tBhoo,2,base,(630,490,994,729),
tBhoo,3,above,(785,706,991,904),
tBhoo,4,below,(364,-153,454,19),
tBhau,0,base,(381,-15,756,505),largest
tBhau,1,base,(73,-15,421,525),
tBhau,2,above,(463,458,1092,693),
tBhau,3,above,(470,482,755,660),
tBhau,4,below,(364,-153,454,19),
tBh,0,base,(381,-15,781,662),largest
tBh,1,base,(73,-15,421,525),
tBh,2,above,(394,631,928,818),
tBh,3,below,(364,-153,454,19),
tMa,0,base,(627,-15,1060,525),largest
tMa,1,base,(306,-15,696,530),
tMa,2,base,(60,-15,347,283),
tMa,3,above,(288,500,606,734),
tMa,4,above,(152,485,328,659),
tMaa,0,base,(627,-15,1060,494),largest
tMaa,1,base,(306,-15,696,530),
tMaa,2,base,(776,287,1393,520),
tMaa,3,base,(60,-15,347,283),
tMaa,4,above,(288,500,606,734),
tMaa,5,above,(152,485,328,659),
tMi,0,base,(148,-15,715,771),largest
tMi,1,base,(676,-15,1086,525),
tMi,2,base,(60,-15,347,283),
tMii,0,base,(148,-15,715,771),largest
tMii,1,base,(676,-15,1086,525),
tMii,2,base,(60,-15,347,283),
tMii,3,above,(225,758,432,946),
tMu,0,base,(627,-15,1059,525),largest
tMu,1,base,(1003,-15,1428,525),
tMu,2,base,(306,-15,696,530),
tMu,3,base,(60,-15,347,283),
tMu,4,above,(288,500,606,734),
tMu,5,above,(152,485,328,659),
tMuu,0,base,(627,-15,1059,525),largest
tMuu,1,base,(1003,-15,1425,493),
tMuu,2,base,(306,-15,696,530),
tMuu,3,base,(1141,287,1758,520),
tMuu,4,base,(60,-15,347,283),
tMuu,5,above,(288,500,606,734),
tMuu,6,above,(152,485,328,659),
tMe,0,base,(627,-15,1060,525),largest
tMe,1,base,(328,-15,696,505),
tMe,2,above,(65,482,690,693),
tMe,3,base,(60,-15,347,283),
tMee,0,base,(627,-15,1060,525),largest
tMee,1,base,(328,-15,696,505),
tMee,2,above,(65,482,690,693),
tMee,3,base,(60,-15,347,283),
tMee,4,above,(480,656,686,881),
tMai,0,base,(627,-15,1060,525),largest
tMai,1,base,(328,-15,696,505),
tMai,2,below,(313,-323,1008,-88),
tMai,3,above,(65,482,690,693),
tMai,4,base,(60,-15,347,283),
tMo,0,base,(647,-15,1059,525),largest
tMo,1,base,(1023,-15,1428,525),
tMo,2,base,(328,-15,696,505),
tMo,3,above,(65,482,690,693),
tMo,4,base,(60,-15,347,283),
tMoo,0,base,(647,-15,1061,493),largest
tMoo,1,base,(328,-15,696,505),
tMoo,2,base,(782,287,1394,520),
tMoo,3,above,(65,482,690,693),
tMoo,4,base,(60,-15,347,283),
tMau,0,base,(647,-15,1061,499),largest
tMau,1,base,(306,-15,696,530),
tMau,2,above,(723,458,1408,693),
tMau,3,base,(60,-15,347,283),
tMau,4,above,(288,500,606,734),
tMau,5,above,(730,482,1071,660),
tMau,6,above,(152,485,328,659),
tM,0,base,(167,-15,696,662),largest
tM,1,base,(627,-15,1060,525),
tM,2,above,(151,631,685,818),
tM,3,base,(60,-15,347,283),
tYa,0,base,(73,-15,606,525),largest
tYa,1,base,(540,-15,990,528),
tYa,2,base,(919,-15,1352,525),
tYa,3,above,(686,513,993,734),
tYa,4,above,(539,485,707,659),
tYaa,0,base,(73,-15,606,525),largest
tYaa,1,base,(540,-15,990,528),
tYaa,2,base,(919,-15,1349,493),
tYaa,3,base,(1065,287,1682,520),
tYaa,4,above,(686,513,993,734),
tYaa,5,above,(539,485,707,659),
tYi,0,base,(73,-15,606,525),largest
tYi,1,base,(540,-15,990,525),
tYi,2,base,(919,-15,1352,525),
tYii,0,base,(73,-15,606,525),largest
tYii,1,base,(540,-15,990,525),
tYii,2,base,(919,-15,1352,493),
tYii,3,base,(1068,287,1685,520),
tYu,0,base,(73,-15,606,525),largest
tYu,1,base,(540,-15,990,528),
tYu,2,base,(919,-15,1351,525),
tYu,3,base,(1295,-15,1720,525),
tYu,4,above,(686,513,993,734),
tYu,5,above,(539,485,707,659),
tYuu,0,base,(73,-15,606,525),largest
tYuu,1,base,(540,-15,990,528),
tYuu,2,base,(919,-15,1351,525),
tYuu,3,base,(1295,-15,1717,498),
tYuu,4,base,(1433,287,2050,520),
tYuu,5,above,(686,513,993,734),
tYuu,6,above,(539,485,707,659),
tYe,0,base,(73,-15,606,525),largest
tYe,1,base,(540,-15,990,505),
tYe,2,base,(919,-15,1352,525),
tYe,3,above,(129,482,977,693),
tYee,0,base,(73,-15,606,525),largest
tYee,1,base,(540,-15,990,505),
tYee,2,base,(919,-15,1352,525),
tYee,3,above,(129,482,977,693),
tYee,4,above,(767,657,973,881),
tYai,0,base,(73,-15,606,525),largest
tYai,1,base,(540,-15,990,505),
tYai,2,base,(919,-15,1352,525),
tYai,3,above,(129,482,977,693),
tYai,4,below,(567,-323,1322,-88),
tYo,0,base,(73,-15,606,525),largest
tYo,1,base,(540,-15,990,505),
tYo,2,base,(919,-15,1351,525),
tYo,3,base,(1295,-15,1720,525),
tYo,4,above,(129,482,977,693),
tYoo,0,base,(73,-15,606,525),largest
tYoo,1,base,(540,-15,990,505),
tYoo,2,base,(937,-15,1350,498),
tYoo,3,above,(129,482,977,693),
tYoo,4,base,(1071,287,1683,520),
tYau,0,base,(73,-15,606,525),largest
tYau,1,base,(550,-15,990,528),
tYau,2,base,(939,-15,1353,499),
tYau,3,above,(1055,458,1720,693),
tYau,4,above,(686,513,993,734),
tYau,5,above,(1062,482,1383,660),
tYau,6,above,(539,485,707,659),
tY,0,base,(550,-15,990,662),largest
tY,1,base,(73,-15,606,525),
tY,2,base,(939,-15,1352,525),
tY,3,above,(561,631,1143,818),
tRa,0,base,(73,-15,607,525),largest
tRa,1,above,(336,501,643,734),
tRa,2,above,(189,507,357,659),
tRaa,0,base,(73,-15,607,525),largest
tRaa,1,base,(102,313,902,548),
tRi,0,base,(73,-15,607,525),largest
tRi,1,above,(143,459,521,713),
tRii,0,base,(73,-15,607,525),largest
tRii,1,above,(143,459,521,713),
tRii,2,above,(233,695,440,884),
tRu,0,base,(73,-15,607,525),largest
tRu,1,base,(559,-15,976,525),
tRu,2,above,(336,501,643,734),
tRu,3,above,(189,507,357,659),
tRuu,0,base,(73,-15,606,525),largest
tRuu,1,base,(556,-15,973,498),
tRuu,2,base,(689,287,1306,520),
tRuu,3,above,(336,501,643,734),
tRuu,4,above,(189,507,357,659),
tRe,0,base,(73,-15,607,513),largest
tRe,1,above,(35,482,620,693),
tRee,0,base,(73,-15,607,513),largest
tRee,1,above,(35,482,620,693),
tRee,2,above,(410,657,616,881),
tRai,0,base,(73,-15,607,513),largest
tRai,1,below,(-7,-323,648,-88),
tRai,2,above,(35,482,620,693),
tRo,0,base,(73,-15,607,525),largest
tRo,1,above,(357,490,723,729),
tRo,2,above,(86,484,387,729),
tRoo,0,base,(73,-15,607,525),largest
tRoo,1,above,(359,490,723,729),
tRoo,2,above,(86,486,395,729),
tRoo,3,above,(514,696,720,904),
tRau,0,base,(73,-15,607,513),largest
tRau,1,above,(95,458,885,693),
tRau,2,above,(102,482,548,660),
tR,0,base,(73,-15,607,525),largest
tR,1,above,(79,631,613,818),
tR,2,above,(95,482,466,662),
tRra,0,base,(73,-15,488,525),largest
tRra,1,base,(464,-15,858,525),
tRra,2,base,(226,218,715,257),
tRraa,0,base,(73,-15,488,525),largest
tRraa,1,base,(464,-15,858,478),
tRraa,2,base,(488,290,1198,525),
tRraa,3,base,(226,218,715,257),
tRri,0,base,(73,-15,488,525),largest
tRri,1,base,(464,-15,858,512),
tRri,2,above,(469,490,844,794),
tRri,3,base,(226,218,715,257),
tRrii,0,base,(73,-15,488,525),largest
tRrii,1,base,(464,-15,858,512),
tRrii,2,above,(469,489,844,792),
tRrii,3,above,(564,768,771,966),
tRrii,4,base,(226,218,715,257),
tRru,0,base,(809,-15,1227,525),largest
tRru,1,base,(73,-15,488,525),
tRru,2,base,(464,-15,858,525),
tRru,3,base,(226,218,715,257),
tRruu,0,base,(73,-15,488,525),largest
tRruu,1,base,(464,-15,858,525),
tRruu,2,base,(809,-15,1224,486),
tRruu,3,base,(940,287,1557,520),
tRruu,4,base,(226,218,715,257),
tRre,0,base,(73,-15,488,525),largest
tRre,1,base,(464,-15,858,499),
tRre,2,above,(103,482,868,693),
tRre,3,base,(226,218,715,257),
tRree,0,base,(73,-15,488,525),largest
tRree,1,base,(464,-15,858,499),
tRree,2,above,(103,482,868,693),
tRree,3,above,(658,657,864,881),
tRree,4,base,(226,218,715,257),
tRrai,0,base,(73,-15,488,525),largest
tRrai,1,base,(464,-15,858,499),
tRrai,2,below,(61,-323,816,-88),
tRrai,3,above,(103,482,868,693),
tRrai,4,base,(226,218,715,257),
tRro,0,base,(73,-15,488,525),largest
tRro,1,base,(464,-15,858,525),
tRro,2,above,(707,490,1073,729),
tRro,3,above,(436,484,737,729),
tRro,4,base,(226,218,715,257),
tRroo,0,base,(73,-15,488,525),largest
tRroo,1,base,(464,-15,858,525),
tRroo,2,above,(709,490,1073,729),
tRroo,3,above,(436,486,745,729),
tRroo,4,above,(864,696,1070,904),
tRroo,5,base,(226,218,715,257),
tRrau,0,base,(73,-15,488,525),largest
tRrau,1,base,(464,-15,858,499),
tRrau,2,above,(481,458,1206,693),
tRrau,3,above,(488,482,869,660),
tRrau,4,base,(226,218,715,257),
tRr,0,base,(73,-15,488,525),largest
tRr,1,base,(464,-15,858,525),
tRr,2,above,(449,631,983,818),
tRr,3,above,(465,482,836,662),
tRr,4,base,(226,218,715,257),
tLa,0,base,(73,-15,758,525),largest
tLaa,0,base,(73,-15,758,525),largest
tLaa,1,base,(500,285,1112,520),
tLi,0,base,(73,-15,766,771),largest
tLii,0,base,(73,-15,766,769),largest
tLii,1,above,(319,747,526,946),
tLu,0,base,(73,-15,758,525),largest
tLu,1,base,(708,-15,1123,525),
tLuu,0,base,(73,-15,758,525),largest
tLuu,1,base,(708,-15,1120,493),
tLuu,2,base,(836,287,1453,520),
tLe,0,base,(73,-15,758,525),largest
tLe,1,above,(95,482,760,693),
tLee,0,base,(73,-15,758,525),largest
tLee,1,above,(95,482,760,693),
tLee,2,above,(550,657,756,881),
tLai,0,base,(73,-15,758,525),largest
tLai,1,below,(53,-323,778,-88),
tLai,2,above,(95,482,760,693),
tLo,0,base,(73,-15,758,729),largest
tLo,1,base,(658,490,1024,729),
tLoo,0,base,(73,-15,758,729),largest
tLoo,1,base,(658,490,1024,729),
tLoo,2,above,(815,708,1021,904),
tLau,0,base,(73,-15,758,525),largest
tLau,1,above,(487,458,1118,693),
tLau,2,above,(494,482,781,660),
tL,0,base,(73,-15,797,662),largest
tL,1,above,(410,631,944,818),
tLla,0,base,(65,-15,501,525),largest
tLla,1,base,(388,171,690,530),
tLla,2,above,(484,501,791,734),
tLla,3,above,(337,497,505,659),
tLlaa,0,base,(65,-15,501,525),largest
tLlaa,1,base,(462,313,1037,548),
tLlaa,2,base,(388,171,690,500),
tLli,0,base,(194,171,713,771),largest
tLli,1,base,(65,-15,501,515),
tLlii,0,base,(194,171,713,770),largest
tLlii,1,base,(65,-15,501,515),
tLlii,2,above,(252,745,459,946),
tLlu,0,base,(65,-15,501,525),largest
tLlu,1,base,(648,-15,1072,525),
tLlu,2,base,(388,171,690,530),
tLlu,3,above,(484,501,791,734),
tLlu,4,above,(337,497,505,659),
tLluu,0,base,(65,-15,501,525),largest
tLluu,1,base,(648,-15,1069,493),
tLluu,2,base,(788,287,1402,520),
tLluu,3,base,(388,171,690,530),
tLluu,4,above,(484,501,791,734),
tLluu,5,above,(337,497,505,659),
tLle,0,base,(65,-15,501,525),largest
tLle,1,base,(55,482,730,693),
tLle,2,base,(388,171,690,500),
tLlee,0,base,(65,-15,501,525),largest
tLlee,1,base,(55,482,730,693),
tLlee,2,base,(388,171,690,500),
tLlee,3,above,(520,671,726,881),
tLlai,0,base,(65,-15,501,525),largest
tLlai,1,below,(13,-323,743,-88),
tLlai,2,base,(55,482,730,693),
tLlai,3,base,(388,171,690,500),
tLlo,0,base,(65,-15,501,525),largest
tLlo,1,base,(388,171,691,729),
tLlo,2,base,(663,490,1029,729),
tLloo,0,base,(65,-15,501,525),largest
tLloo,1,base,(388,171,691,729),
tLloo,2,base,(663,490,1029,729),
tLloo,3,above,(820,704,1026,904),
tLlau,0,base,(65,-15,501,525),largest
tLlau,1,base,(453,458,1089,693),
tLlau,2,base,(388,171,690,500),
tLlau,3,base,(460,482,759,660),
tLl,0,base,(65,-15,501,525),largest
tLl,1,base,(388,171,795,662),
tLl,2,above,(398,631,942,818),
tVa,0,base,(306,-15,696,530),largest
tVa,1,base,(60,-15,347,283),
tVa,2,above,(288,500,606,734),
tVa,3,above,(152,485,328,659),
tVaa,0,base,(192,287,1029,520),largest
tVaa,1,base,(328,-15,696,494),
tVaa,2,base,(60,-15,347,283),
tVi,0,base,(148,-15,715,771),largest
tVi,1,base,(60,-15,347,283),
tVii,0,base,(148,-15,715,771),largest
tVii,1,base,(60,-15,347,283),
tVii,2,above,(225,758,432,946),
tVu,0,base,(348,-240,861,563),largest
tVu,1,base,(306,-15,696,530),
tVu,2,base,(60,-15,347,283),
tVu,3,above,(288,500,606,734),
tVu,4,above,(152,485,328,659),
tVuu,0,base,(348,-240,861,500),largest
tVuu,1,base,(306,-15,696,530),
tVuu,2,base,(659,315,1257,550),
tVuu,3,base,(60,-15,347,283),
tVuu,4,above,(288,500,606,734),
tVuu,5,above,(152,485,328,659),
tVe,0,base,(328,-15,696,505),largest
tVe,1,above,(65,482,690,693),
tVe,2,base,(60,-15,347,283),
tVee,0,base,(328,-15,696,505),largest
tVee,1,above,(65,482,690,693),
tVee,2,base,(60,-15,347,283),
tVee,3,above,(480,656,686,881),
tVai,0,base,(328,-15,696,505),largest
tVai,1,below,(23,-323,718,-88),
tVai,2,above,(65,482,690,693),
tVai,3,base,(60,-15,347,283),
tVo,0,base,(219,-15,696,729),largest
tVo,1,base,(490,490,856,729),
tVo,2,base,(60,-15,347,283),
tVoo,0,base,(219,-15,696,729),largest
tVoo,1,base,(492,490,856,729),
tVoo,2,base,(60,-15,347,283),
tVoo,3,above,(647,706,853,904),
tVau,0,base,(198,458,1028,693),largest
tVau,1,base,(328,-15,696,505),
tVau,2,base,(205,482,691,660),
tVau,3,base,(60,-15,347,283),
tV,0,base,(187,-15,696,662),largest
tV,1,above,(171,631,705,818),
tV,2,base,(60,-15,347,283),
tSha,0,base,(60,-15,494,530),largest
tSha,1,above,(284,500,602,734),
tSha,2,above,(148,497,320,659),
tShaa,0,base,(60,-15,494,511),largest
tShaa,1,base,(62,323,837,558),
tShi,0,base,(39,-15,517,771),largest
tShii,0,base,(39,-15,517,770),largest
tShii,1,above,(97,743,304,946),
tShu,0,base,(60,-15,494,530),largest
tShu,1,base,(439,-15,855,525),
tShu,2,above,(284,500,602,734),
tShu,3,above,(148,497,320,659),
tShuu,0,base,(60,-15,494,530),largest
tShuu,1,base,(439,-15,852,498),
tShuu,2,base,(573,287,1185,520),
tShuu,3,above,(284,500,602,734),
tShuu,4,above,(148,497,320,659),
tShe,0,base,(70,-15,504,512),largest
tShe,1,above,(18,492,514,703),
tShee,0,base,(70,-15,504,512),largest
tShee,1,above,(18,492,514,703),
tShee,2,above,(304,667,510,891),
tShai,0,base,(70,-15,504,512),largest
tShai,1,below,(-24,-323,542,-88),
tShai,2,above,(18,492,514,703),
tSho,0,base,(60,-15,494,734),largest
tSho,1,base,(434,495,800,734),
tShoo,0,base,(60,-15,494,734),largest
tShoo,1,base,(434,495,800,734),
tShoo,2,above,(591,714,797,909),
tShau,0,base,(60,-15,494,512),largest
tShau,1,above,(121,468,846,703),
tShau,2,above,(128,492,504,670),
tSh,0,base,(60,-15,529,667),largest
tSh,1,above,(152,636,676,823),
tSsa,0,base,(328,-15,696,525),largest
tSsa,1,base,(60,-15,347,283),
tSsa,2,above,(228,497,535,734),
tSsa,3,base,(639,-15,830,168),
tSsa,4,above,(81,497,249,659),
tSsaa,0,base,(262,-15,715,796),largest
tSsaa,1,base,(76,277,1019,520),
tSsaa,2,base,(60,-15,347,283),
tSsaa,3,base,(647,-15,838,169),
tSsi,0,base,(328,-15,696,525),largest
tSsi,1,above,(24,487,399,794),
tSsi,2,base,(60,-15,347,283),
tSsi,3,base,(639,-15,830,168),
tSsii,0,base,(328,-15,696,525),largest
tSsii,1,above,(24,487,399,792),
tSsii,2,base,(60,-15,347,283),
tSsii,3,above,(119,768,326,966),
tSsii,4,base,(639,-15,830,168),
tSsu,0,base,(663,-15,1064,525),largest
tSsu,1,base,(328,-15,689,525),
tSsu,2,base,(60,-15,347,283),
tSsu,3,above,(228,497,535,734),
tSsu,4,above,(81,497,249,659),
tSsu,5,base,(624,-54,753,103),
tSsuu,0,base,(663,-15,1061,498),largest
tSsuu,1,base,(328,-15,689,525),
tSsuu,2,base,(777,287,1394,520),
tSsuu,3,base,(60,-15,347,283),
tSsuu,4,above,(228,497,535,734),
tSsuu,5,above,(81,497,249,659),
tSsuu,6,base,(624,-54,753,103),
tSse,0,base,(471,-15,839,525),largest
tSse,1,above,(18,482,513,693),
tSse,2,base,(203,-15,490,283),
tSse,3,base,(782,-15,973,168),
tSsee,0,base,(471,-15,839,525),largest
tSsee,1,above,(18,482,513,693),
tSsee,2,base,(203,-15,490,283),
tSsee,3,above,(303,656,509,881),
tSsee,4,base,(782,-15,973,168),
tSsai,0,base,(471,-15,839,525),largest
tSsai,1,below,(163,-323,818,-88),
tSsai,2,above,(18,482,513,693),
tSsai,3,base,(203,-15,490,283),
tSsai,4,base,(782,-15,973,168),
tSso,0,base,(262,-15,715,796),largest
tSso,1,base,(468,285,986,542),
tSso,2,base,(60,-15,347,280),
tSso,3,base,(124,318,485,542),
tSso,4,base,(647,-15,838,169),
tSsoo,0,base,(262,-15,715,796),largest
tSsoo,1,base,(468,285,986,542),
tSsoo,2,base,(60,-15,347,280),
tSsoo,3,base,(124,318,485,542),
tSsoo,4,above,(774,494,980,702),
tSsoo,5,base,(647,-15,838,169),
tSsau,0,base,(262,-15,715,796),largest
tSsau,1,base,(96,294,1019,529),
tSsau,2,base,(60,-15,347,280),
tSsau,3,base,(103,326,532,496),
tSsau,4,base,(647,-15,838,169),
tSs,0,base,(328,-15,696,525),largest
tSs,1,above,(69,630,563,818),
tSs,2,base,(60,-15,347,283),
tSs,3,above,(85,482,416,662),
tSs,4,base,(639,-15,830,168),
tSa,0,base,(60,-24,661,525),largest
tSa,1,above,(191,497,498,734),
tSa,2,above,(44,497,212,659),
tSaa,0,base,(60,-24,690,796),largest
tSaa,1,base,(76,277,994,520),
tSi,0,base,(95,-24,696,525),largest
tSi,1,above,(24,487,399,794),
tSii,0,base,(95,-24,696,525),largest
tSii,1,above,(24,487,399,792),
tSii,2,above,(119,748,326,966),
tSu,0,base,(61,-24,661,525),largest
tSu,1,base,(627,-15,1030,525),
tSu,2,above,(192,497,499,734),
tSu,3,above,(45,497,213,659),
tSuu,0,base,(60,-24,660,525),largest
tSuu,1,base,(622,-15,1026,498),
tSuu,2,base,(742,287,1359,520),
tSuu,3,above,(191,497,498,734),
tSuu,4,above,(44,497,212,659),
tSe,0,base,(238,-24,839,525),largest
tSe,1,above,(18,482,513,693),
tSee,0,base,(238,-24,839,525),largest
tSee,1,above,(18,482,513,693),
tSee,2,above,(303,669,509,881),
tSai,0,base,(238,-24,839,525),largest
tSai,1,below,(163,-323,818,-88),
tSai,2,above,(18,482,513,693),
tSo,0,base,(60,-24,690,796),largest
tSo,1,base,(443,285,961,542),
tSo,2,base,(99,318,460,542),
tSoo,0,base,(60,-24,690,796),largest
tSoo,1,base,(443,285,961,542),
tSoo,2,base,(99,318,460,542),
tSoo,3,above,(749,494,955,702),
tSau,0,base,(60,-24,690,796),largest
tSau,1,base,(86,294,994,529),
tSau,2,base,(93,326,507,496),
tS,0,base,(60,-24,661,525),largest
tS,1,above,(34,630,528,818),
tS,2,above,(50,482,381,662),
tHa,0,base,(328,-15,696,498),largest
tHa,1,base,(412,287,1029,520),
tHa,2,base,(60,-15,347,283),
tHa,3,above,(228,497,535,734),
tHa,4,above,(81,497,249,659),
tHaa,0,base,(328,-15,696,498),largest
tHaa,1,base,(412,285,1031,520),
tHaa,2,base,(60,-15,347,283),
tHaa,3,above,(228,497,535,734),
tHaa,4,above,(819,491,1025,694),
tHaa,5,above,(81,497,249,659),
tHi,0,base,(328,-15,696,498),largest
tHi,1,base,(412,287,1029,520),
tHi,2,above,(24,487,399,794),
tHi,3,base,(60,-15,347,283),
tHii,0,base,(328,-15,696,498),largest
tHii,1,base,(412,287,1029,520),
tHii,2,above,(24,487,399,792),
tHii,3,base,(60,-15,347,283),
tHii,4,above,(119,768,326,966),
tHu,0,base,(962,-15,1422,525),largest
tHu,1,base,(328,-15,696,498),
tHu,2,base,(412,287,1019,520),
tHu,3,base,(60,-15,347,283),
tHu,4,above,(228,497,535,734),
tHu,5,above,(81,497,249,659),
tHuu,0,base,(962,-15,1419,498),largest
tHuu,1,base,(328,-15,696,498),
tHuu,2,base,(412,287,1019,520),
tHuu,3,base,(1135,287,1742,520),
tHuu,4,base,(60,-15,347,283),
tHuu,5,above,(228,497,535,734),
tHuu,6,above,(81,497,249,659),
tHe,0,base,(471,-15,839,498),largest
tHe,1,base,(555,287,1172,520),
tHe,2,above,(18,482,513,693),
tHe,3,base,(203,-15,490,283),
tHee,0,base,(471,-15,839,498),largest
tHee,1,base,(555,287,1172,520),
tHee,2,above,(18,482,513,693),
tHee,3,base,(203,-15,490,283),
tHee,4,above,(303,656,509,881),
tHai,0,base,(471,-15,839,498),largest
tHai,1,below,(163,-323,818,-88),
tHai,2,base,(555,287,1172,520),
tHai,3,above,(18,482,513,693),
tHai,4,base,(203,-15,490,283),
tHo,0,base,(328,-15,696,498),largest
tHo,1,base,(412,287,1029,520),
tHo,2,above,(1033,490,1399,729),
tHo,3,base,(60,-15,347,283),
tHo,4,above,(228,497,535,734),
tHo,5,above,(762,510,1063,729),
tHo,6,above,(81,497,249,659),
tHo.ss01,0,base,(1105,-15,1565,525),largest
tHo.ss01,1,base,(471,-15,839,498),
tHo.ss01,2,base,(555,287,1162,520),
tHo.ss01,3,above,(18,482,513,693),
tHo.ss01,4,base,(203,-15,490,283),
tHoo,0,base,(328,-15,696,498),largest
tHoo,1,base,(412,287,1029,520),
tHoo,2,above,(1035,490,1399,729),
tHoo,3,base,(60,-15,347,283),
tHoo,4,above,(228,497,535,734),
tHoo,5,above,(762,510,1063,729),
tHoo,6,disconnected,(1190,696,1396,904),
tHoo,7,above,(81,497,249,659),
tHoo.ss01,0,base,(1105,-15,1562,498),largest
tHoo.ss01,1,base,(471,-15,839,498),
tHoo.ss01,2,base,(555,287,1162,520),
tHoo.ss01,3,base,(1278,287,1885,520),
tHoo.ss01,4,above,(18,482,513,693),
tHoo.ss01,5,base,(203,-15,490,283),
tHau,0,base,(328,-15,696,498),largest
tHau,1,base,(694,453,1385,688),
tHau,2,base,(412,287,1029,520),
tHau,3,base,(60,-15,347,283),
tHau,4,above,(228,497,535,734),
tHau,5,base,(872,468,1048,655),
tHau,6,above,(81,497,249,659),
tH,0,base,(328,-15,696,498),largest
tH,1,base,(412,287,1029,520),
tH,2,above,(69,630,563,818),
tH,3,base,(60,-15,347,283),
tH,4,above,(85,482,416,662),
tKSsa,0,base,(80,-15,492,525),largest
tKSsa,1,above,(282,501,589,734),
tKSsa,2,below,(39,-177,315,-15),
tKSsa,3,postbase,(292,-177,554,-15),
tKSsa,4,above,(135,507,303,659),
tKSsa,5,disconnected,(532,-182,679,-15),
tKSsaa,0,base,(80,-15,492,480),largest
tKSsaa,1,base,(52,290,792,525),
tKSsaa,2,below,(39,-177,315,-15),
tKSsaa,3,below,(292,-177,554,-15),
tKSsaa,4,postbase,(532,-182,679,-15),
tKSsi,0,base,(80,-15,492,525),largest
tKSsi,1,above,(106,491,481,794),
tKSsi,2,below,(39,-177,315,-15),
tKSsi,3,postbase,(292,-177,554,-15),
tKSsi,4,disconnected,(532,-182,679,-15),
tKSsii,0,base,(80,-15,492,525),largest
tKSsii,1,above,(106,491,481,792),
tKSsii,2,below,(39,-177,315,-15),
tKSsii,3,postbase,(292,-177,554,-15),
tKSsii,4,above,(201,768,408,966),
tKSsii,5,disconnected,(532,-182,679,-15),
tKSsu,0,base,(80,-15,951,525),largest
tKSsu,1,above,(282,501,589,734),
tKSsu,2,below,(39,-177,315,-15),
tKSsu,3,below,(292,-177,554,-15),
tKSsu,4,above,(135,507,303,659),
tKSsu,5,below,(532,-182,679,-15),
tKSsuu,0,base,(80,-15,948,525),largest
tKSsuu,1,base,(664,287,1281,520),
tKSsuu,2,above,(282,501,589,734),
tKSsuu,3,below,(39,-177,315,-15),
tKSsuu,4,below,(292,-177,554,-15),
tKSsuu,5,above,(135,507,303,659),
tKSsuu,6,below,(532,-182,679,-15),
tKSse,0,base,(131,-15,543,502),largest
tKSse,1,above,(18,482,563,693),
tKSse,2,below,(90,-177,366,-15),
tKSse,3,postbase,(343,-177,605,-15),
tKSse,4,disconnected,(583,-182,730,-15),
tKSsee,0,base,(131,-15,543,502),largest
tKSsee,1,above,(18,482,563,693),
tKSsee,2,above,(353,657,559,881),
tKSsee,3,below,(90,-177,366,-15),
tKSsee,4,postbase,(343,-177,605,-15),
tKSsee,5,disconnected,(583,-182,730,-15),
tKSsai,0,base,(131,-15,543,502),largest
tKSsai,1,below,(-24,-423,631,-188),
tKSsai,2,above,(18,482,563,693),
tKSsai,3,below,(90,-177,366,-15),
tKSsai,4,postbase,(343,-177,605,-15),
tKSsai,5,disconnected,(583,-182,730,-15),
tKSso,0,base,(80,-15,492,525),largest
tKSso,1,above,(339,490,705,729),
tKSso,2,above,(68,489,369,729),
tKSso,3,below,(39,-177,315,-15),
tKSso,4,postbase,(292,-177,554,-15),
tKSso,5,disconnected,(532,-182,679,-15),
tKSsoo,0,base,(80,-15,492,525),largest
tKSsoo,1,above,(341,490,705,729),
tKSsoo,2,above,(68,489,369,729),
tKSsoo,3,below,(39,-177,315,-15),
tKSsoo,4,above,(496,696,702,904),
tKSsoo,5,postbase,(292,-177,554,-15),
tKSsoo,6,disconnected,(532,-182,679,-15),
tKSsau,0,base,(80,-15,492,502),largest
tKSsau,1,above,(80,458,840,693),
tKSsau,2,above,(87,482,503,660),
tKSsau,3,below,(39,-177,315,-15),
tKSsau,4,postbase,(292,-177,554,-15),
tKSsau,5,disconnected,(532,-182,679,-15),
tKSs,0,base,(80,-15,492,525),largest
tKSs,1,above,(66,631,535,818),
tKSs,2,above,(82,482,403,662),
tKSs,3,below,(39,-177,315,-15),
tKSs,4,postbase,(292,-177,554,-15),
tKSs,5,disconnected,(532,-182,679,-15),
tLlla,0,base,(73,-15,460,525),largest
tLlla,1,base,(438,-15,805,525),
tLllaa,0,base,(73,-15,460,525),largest
tLllaa,1,base,(438,-15,805,525),
tLllaa,2,base,(423,313,1130,548),
tLlli,0,base,(73,-15,460,525),largest
tLlli,1,base,(438,-15,805,525),
tLlli,2,above,(409,490,784,794),
tLllii,0,base,(73,-15,460,525),largest
tLllii,1,base,(438,-15,805,525),
tLllii,2,above,(409,490,784,792),
tLllii,3,above,(504,768,711,966),
tLllu,0,base,(759,-15,1174,525),largest
tLllu,1,base,(73,-15,460,525),
tLllu,2,base,(438,-15,805,525),
tLlluu,0,base,(759,-15,1171,498),largest
tLlluu,1,base,(73,-15,460,525),
tLlluu,2,base,(438,-15,805,525),
tLlluu,3,base,(887,287,1504,520),
tLlle,0,base,(73,-15,460,525),largest
tLlle,1,base,(438,-15,805,525),
tLlle,2,above,(326,482,803,693),
tLllee,0,base,(73,-15,460,525),largest
tLllee,1,base,(438,-15,805,525),
tLllee,2,above,(326,482,803,693),
tLllee,3,above,(593,657,799,881),
tLllai,0,base,(73,-15,460,525),largest
tLllai,1,base,(438,-15,805,525),
tLllai,2,below,(68,-323,776,-88),
tLllai,3,above,(326,482,803,693),
tLllo,0,base,(73,-15,460,525),largest
tLllo,1,base,(438,-15,805,525),
tLllo,2,above,(664,490,1030,729),
tLllo,3,above,(393,484,694,729),
tLlloo,0,base,(73,-15,460,525),largest
tLlloo,1,base,(438,-15,805,525),
tLlloo,2,above,(664,490,1030,729),
tLlloo,3,above,(393,484,694,729),
tLlloo,4,disconnected,(821,696,1027,904),
tLllau,0,base,(73,-15,460,525),largest
tLllau,1,base,(438,-15,805,525),
tLllau,2,above,(439,458,1135,693),
tLllau,3,above,(446,482,798,660),
tLll,0,base,(73,-15,460,525),largest
tLll,1,base,(438,-15,805,525),
tLll,2,above,(399,631,913,818),
tLll,3,above,(415,482,766,662),
tTsa,0,base,(427,-15,784,523),largest
tTsa,1,above,(161,774,749,1007),
tTsa,2,base,(118,-15,458,321),
tTsa,3,above,(417,500,735,734),
tTsa,4,above,(282,485,458,657),
tTsa,5,above,(30,298,292,398),
tTsaa,0,base,(194,306,1111,539),largest
tTsaa,1,base,(427,-15,784,513),
tTsaa,2,above,(161,624,749,857),
tTsaa,3,base,(118,-15,460,316),
tTsaa,4,base,(30,298,292,398),
tTsi,0,base,(223,-15,802,741),largest
tTsi,1,above,(161,781,749,1014),
tTsi,2,base,(118,-15,462,316),
tTsi,3,base,(30,298,292,398),
tTsii,0,base,(223,-15,802,741),largest
tTsii,1,above,(161,956,749,1189),
tTsii,2,base,(118,-15,462,316),
tTsii,3,above,(300,720,507,916),
tTsii,4,base,(30,298,292,398),
tTsu,0,base,(759,-15,1150,525),largest
tTsu,1,base,(427,-15,781,523),
tTsu,2,above,(161,774,749,1007),
tTsu,3,base,(118,-15,458,321),
tTsu,4,above,(417,500,735,734),
tTsu,5,above,(282,485,458,657),
tTsu,6,above,(30,298,292,398),
tTsuu,0,base,(759,-15,1147,498),largest
tTsuu,1,base,(427,-15,781,523),
tTsuu,2,base,(863,287,1480,520),
tTsuu,3,above,(161,774,749,1007),
tTsuu,4,base,(118,-15,458,321),
tTsuu,5,above,(417,500,735,734),
tTsuu,6,above,(282,485,458,657),
tTsuu,7,above,(30,298,292,398),
tTse,0,base,(427,-15,784,511),largest
tTse,1,above,(105,482,790,693),
tTse,2,above,(161,774,749,1007),
tTse,3,base,(118,-15,458,321),
tTse,4,above,(30,298,292,398),
tTsee,0,base,(427,-15,784,511),largest
tTsee,1,above,(105,482,790,693),
tTsee,2,base,(118,-15,458,321),
tTsee,3,above,(101,774,569,1007),
tTsee,4,above,(580,657,786,881),
tTsee,5,above,(30,298,292,398),
tTsai,0,base,(427,-15,784,511),largest
tTsai,1,below,(63,-323,818,-88),
tTsai,2,above,(105,482,790,693),
tTsai,3,above,(161,774,749,1007),
tTsai,4,base,(118,-15,458,321),
tTsai,5,above,(30,298,292,398),
tTso,0,base,(302,-15,784,729),largest
tTso,1,above,(161,774,749,1007),
tTso,2,base,(118,-15,458,321),
tTso,3,base,(573,490,939,729),
tTso,4,below,(30,298,292,398),
tTsoo,0,base,(302,-15,784,729),largest
tTsoo,1,above,(161,774,707,1007),
tTsoo,2,base,(118,-15,458,321),
tTsoo,3,base,(573,490,939,729),
tTsoo,4,above,(730,704,936,904),
tTsoo,5,below,(30,298,292,398),
tTsau,0,base,(427,-15,784,511),largest
tTsau,1,above,(287,458,1047,693),
tTsau,2,above,(161,774,749,1007),
tTsau,3,base,(118,-15,458,321),
tTsau,4,above,(294,482,710,665),
tTsau,5,above,(30,298,292,398),
tTs,0,base,(250,-15,784,662),largest
tTs,1,above,(161,868,749,1101),
tTs,2,base,(118,-15,458,321),
tTs,3,above,(234,631,798,818),
tTs,4,base,(30,298,292,398),
tDza,0,base,(73,-15,421,525),largest
tDza,1,above,(131,589,679,822),
tDza,2,base,(397,-15,734,247),
tDza,3,base,(370,279,690,529),
tDzaa,0,base,(73,-15,421,525),largest
tDzaa,1,above,(131,589,679,822),
tDzaa,2,base,(564,290,1031,525),
tDzaa,3,base,(397,-15,734,247),
tDzaa,4,base,(370,279,690,525),
tDzi,0,base,(73,-15,421,525),largest
tDzi,1,base,(375,279,732,670),
tDzi,2,above,(131,710,679,943),
tDzi,3,base,(397,-15,734,247),
tDzii,0,base,(73,-15,421,525),largest
tDzii,1,base,(375,279,732,670),
tDzii,2,above,(131,883,679,1116),
tDzii,3,base,(397,-15,734,247),
tDzii,4,above,(480,647,687,846),
tDzu,0,base,(73,-15,421,525),largest
tDzu,1,above,(131,589,679,822),
tDzu,2,base,(397,-15,734,247),
tDzu,3,base,(669,279,999,529),
tDzu,4,base,(370,279,690,529),
tDzuu,0,base,(73,-15,421,525),largest
tDzuu,1,above,(131,589,679,822),
tDzuu,2,base,(873,290,1330,525),
tDzuu,3,base,(397,-15,734,247),
tDzuu,4,base,(669,279,999,525),
tDzuu,5,base,(370,279,690,529),
tDze,0,base,(73,-15,421,525),largest
tDze,1,base,(92,476,697,693),
tDze,2,above,(131,743,679,976),
tDze,3,base,(397,-15,734,247),
tDze,4,base,(366,279,690,525),
tDzee,0,base,(73,-15,421,525),largest
tDzee,1,base,(92,476,697,693),
tDzee,2,above,(131,917,679,1150),
tDzee,3,base,(397,-15,734,247),
tDzee,4,base,(366,279,690,525),
tDzee,5,above,(487,677,693,881),
tDzai,0,base,(73,-15,421,525),largest
tDzai,1,below,(50,-323,725,-88),
tDzai,2,base,(92,476,697,693),
tDzai,3,above,(131,743,679,976),
tDzai,4,base,(397,-15,734,247),
tDzai,5,base,(366,279,690,525),
tDzo,0,base,(73,-15,421,525),largest
tDzo,1,base,(368,279,690,729),
tDzo,2,above,(131,769,679,1002),
tDzo,3,base,(397,-15,734,247),
tDzo,4,base,(640,490,1005,729),
tDzoo,0,base,(73,-15,421,525),largest
tDzoo,1,base,(368,279,690,729),
tDzoo,2,above,(131,769,679,1002),
tDzoo,3,base,(397,-15,734,247),
tDzoo,4,base,(640,490,1005,729),
tDzoo,5,above,(796,709,1002,904),
tDzau,0,base,(73,-15,421,525),largest
tDzau,1,base,(439,458,1024,693),
tDzau,2,above,(131,743,679,976),
tDzau,3,base,(397,-15,734,247),
tDzau,4,base,(366,279,690,525),
tDzau,5,base,(581,476,697,646),
tDz,0,base,(73,-15,421,525),largest
tDz,1,above,(131,858,679,1091),
tDz,2,base,(370,279,690,645),
tDz,3,above,(447,615,921,818),
tDz,4,base,(397,-15,734,247),
tRrra,0,base,(73,-15,745,525),largest
tRrra,1,base,(112,250,708,291),
tRrraa,0,base,(73,-15,745,525),largest
tRrraa,1,base,(145,313,995,548),
tRrraa,2,base,(112,250,708,291),
tRrri,0,base,(73,-15,745,525),largest
tRrri,1,above,(210,467,588,713),
tRrri,2,base,(112,250,708,291),
tRrrii,0,base,(73,-15,745,525),largest
tRrrii,1,above,(210,459,588,713),
tRrrii,2,above,(300,695,507,884),
tRrrii,3,base,(112,250,708,291),
tRrru,0,base,(73,-15,745,525),largest
tRrru,1,base,(700,-15,1109,525),
tRrru,2,base,(112,250,708,291),
tRrruu,0,base,(73,-15,745,525),largest
tRrruu,1,base,(700,-15,1106,498),
tRrruu,2,base,(822,287,1439,520),
tRrruu,3,base,(112,250,708,291),
tRrre,0,base,(73,-15,745,509),largest
tRrre,1,above,(74,482,699,693),
tRrre,2,base,(112,250,708,291),
tRrree,0,base,(73,-15,745,509),largest
tRrree,1,above,(74,482,699,693),
tRrree,2,above,(489,665,695,881),
tRrree,3,base,(112,250,708,291),
tRrrai,0,base,(73,-15,745,509),largest
tRrrai,1,below,(32,-323,727,-88),
tRrrai,2,above,(74,482,699,693),
tRrrai,3,base,(112,250,708,291),
tRrro,0,base,(73,-15,745,525),largest
tRrro,1,above,(429,490,795,729),
tRrro,2,above,(158,484,459,729),
tRrro,3,base,(112,250,708,291),
tRrroo,0,base,(73,-15,745,525),largest
tRrroo,1,above,(431,490,795,729),
tRrroo,2,above,(158,486,467,729),
tRrroo,3,above,(586,696,792,904),
tRrroo,4,base,(112,250,708,291),
tRrrau,0,base,(73,-15,745,509),largest
tRrrau,1,above,(187,458,987,693),
tRrrau,2,above,(194,482,655,660),
tRrrau,3,base,(112,250,708,291),
tRrr,0,base,(73,-15,745,525),largest
tRrr,1,above,(161,631,705,818),
tRrr,2,above,(177,482,558,662),
tRrr,3,base,(112,250,708,291),
tSignAa,0,base,(-238,313,562,548),largest
tSignIi,0,base,(-176,487,199,792),largest
tSignIi,1,above,(-81,753,126,966),
tSignUu,0,base,(-89,-15,289,492),largest
tSignUu,1,base,(5,287,622,520),
tSignVocalicR,0,base,(-75,-444,372,505),largest
tSignVocalicRr,0,base,(-75,-444,372,462),largest
tSignVocalicRr,1,base,(1,270,587,505),
tSignEe,0,base,(-305,482,280,693),largest
tSignEe,1,above,(70,652,276,881),
tSignAi,0,base,(-347,-323,308,-88),largest
tSignAi,1,above,(-305,482,280,693),
tSignO,0,base,(34,490,400,729),largest
tSignO,1,base,(-237,485,64,729),
tSignOo,0,base,(36,490,400,729),largest
tSignOo,1,base,(-237,485,72,729),
tSignOo,2,above,(191,696,397,904),
tSignAu,0,base,(-228,458,562,693),largest
tSignAu,1,base,(-221,482,225,660),
tSignVocalicL,0,base,(-143,-560,290,-88),largest
tSignVocalicL,1,base,(-280,-249,-61,-88),
tSignVocalicLl,0,base,(-213,-560,220,-88),largest
tSignVocalicLl,1,base,(97,-265,471,-88),
tSignVocalicLl,2,base,(-350,-249,-134,-88),
tVirama,0,base,(-261,631,273,818),largest
tVirama,1,base,(-245,482,126,662),
tCandrabindu,0,base,(-181,755,181,955),largest
tCandrabindu,1,base,(-58,894,58,1012),
tAnusvara,0,base,(73,-15,607,525),largest
tAnusvaraAbove,0,base,(-104,755,103,959),largest
tVisarga,0,base,(63,294,301,525),largest
tVisarga,1,below,(63,-15,301,216),
tAiLengthMark,0,base,(-347,-323,308,-88),largest
tReph,0,base,(73,241,681,525),largest
tReph,1,base,(85,-5,482,279),
tNukta,0,base,(-104,-292,103,-88),largest
tKa.post,0,base,(-54,-444,317,508),largest
tKa.post,1,base,(226,-111,508,-45),
tCa.post,0,base,(-9,-444,380,505),largest
tCa.post,1,base,(-110,-444,121,-210),
tCa.post,2,base,(-173,-233,14,-147),
tCha.post,0,base,(-9,-444,380,505),largest
tCha.post,1,base,(-110,-444,121,-210),
tCha.post,2,base,(-173,-233,14,-147),
tCha.post,3,below,(77,-563,149,-421),
tNa.post,0,base,(-37,-444,588,505),largest
tPa.post,0,base,(91,-444,480,505),largest
tPa.post,1,base,(-15,-444,221,-220),
tPu.post,0,base,(-9,-444,380,505),largest
tPu.post,1,base,(314,-15,673,525),
tPu.post,2,base,(-115,-444,121,-220),
tPuu.post,0,base,(-9,-444,380,505),largest
tPuu.post,1,base,(314,-15,671,500),
tPuu.post,2,base,(383,287,995,520),
tPuu.post,3,base,(-115,-444,120,-220),
tPha.post,0,base,(-9,-444,380,505),largest
tPha.post,1,base,(-115,-444,121,-220),
tPha.post,2,below,(64,-563,136,-421),
tPhu.post,0,base,(-9,-444,380,505),largest
tPhu.post,1,base,(314,-15,673,525),
tPhu.post,2,base,(-115,-444,121,-220),
tPhu.post,3,below,(64,-563,136,-421),
tPhuu.post,0,base,(-9,-444,380,505),largest
tPhuu.post,1,base,(314,-15,671,500),
tPhuu.post,2,base,(383,287,995,520),
tPhuu.post,3,base,(-115,-444,120,-220),
tPhuu.post,4,below,(64,-563,136,-421),
tBa.post,0,base,(-9,-444,380,505),largest
tBa.post,1,base,(-105,-444,124,-88),
tBha.post,0,base,(-9,-444,380,505),largest
tBha.post,1,base,(-105,-444,124,-88),
tBha.post,2,below,(78,-563,150,-421),
tMa.post,0,base,(-88,-444,317,508),largest
tRa.post,0,base,(34,-442,378,509),largest
tLla.post,0,base,(-113,-449,350,511),largest
tVa.post,0,base,(65,-444,395,509),largest
tVa.post,1,base,(-83,-444,129,-220),
tSha.post,0,base,(-89,-444,328,511),largest
tKa.sub.ss02,0,base,(-127,-384,126,-114),largest
tKa.sub.ss02,1,base,(58,-144,308,-93),
tKa.sub.ss02,2,base,(-305,-144,-58,-93),
tKha.sub,0,base,(-236,-444,235,-86),largest
tKha.sub,1,below,(-50,-563,22,-421),
tGha.sub,0,base,(77,-444,340,-88),largest
tGha.sub,1,base,(-140,-444,102,-88),
tGha.sub,2,base,(-321,-444,-125,-241),
tGha.sub,3,below,(-158,-563,-86,-421),
tNga.sub,0,base,(-226,-444,22,-88),largest
tNga.sub,1,base,(0,-444,226,-266),
tNga.sub,2,base,(-42,-232,184,-196),
tNga.sub,3,base,(54,-216,114,-88),
tJa.sub,0,base,(-226,-444,22,-88),largest
tJa.sub,1,base,(0,-444,226,-266),
tJa.sub,2,base,(-26,-255,197,-83),
tJha.sub,0,base,(-416,-444,-57,-88),largest
tJha.sub,1,base,(-84,-444,181,-88),
tJha.sub,2,base,(156,-444,416,-88),
tJha.sub,3,postbase,(138,-563,210,-421),
tNya.sub,0,base,(-232,-474,161,-88),largest
tNya.sub,1,base,(-269,-238,-40,-88),
tNya.sub,2,base,(220,-216,280,-88),
tNya.sub,3,base,(143,-232,350,-196),
tTta.sub,0,base,(-247,-444,23,-87),largest
tTta.sub,1,base,(2,-444,246,-88),
tTtha.sub,0,base,(-180,-444,179,-88),largest
tTtha.sub,1,base,(-42,-289,42,-205),
tDda.sub,0,base,(-234,-444,237,-88),largest
tDda.sub,1,base,(41,-314,215,-141),
tDdha.sub,0,base,(-234,-444,237,-88),largest
tDdha.sub,1,base,(41,-314,215,-141),
tDdha.sub,2,below,(-36,-563,36,-421),
tNna.sub,0,base,(-14,-444,268,-88),largest
tNna.sub,1,base,(-249,-274,10,-88),
tNna.sub,2,base,(-249,-444,-26,-251),
tTa.sub,0,base,(-359,-323,379,-88),largest
tTha.sub,0,base,(-228,-444,229,-88),largest
tTha.sub,1,below,(-35,-563,37,-421),
tTha.sub,2,base,(-41,-280,43,-196),
tDa.sub,0,base,(-228,-444,229,-88),largest
tDha.sub,0,base,(-228,-444,229,-88),largest
tDha.sub,1,below,(-35,-563,37,-421),
tMa.sub.ss02,0,base,(-377,-323,398,-88),largest
tMa.sub.ss02,1,above,(247,-114,360,85),
tRra.sub,0,base,(-270,-444,19,-87),largest
tRra.sub,1,base,(-3,-444,267,-88),
tRra.sub,2,base,(-164,-295,169,-262),
tLa.sub,0,base,(-272,-406,28,-94),largest
tLa.sub,1,base,(-7,-406,272,-94),
tSsa.sub,0,base,(-75,-444,179,-88),largest
tSsa.sub,1,base,(-254,-444,-58,-241),
tSsa.sub,2,base,(144,-444,277,-320),
tHa.sub,0,base,(-105,-444,149,-124),largest
tHa.sub,1,base,(-53,-265,378,-88),
tHa.sub,2,base,(-284,-444,-88,-241),
tKSsa.sub,0,base,(-147,-444,137,-88),largest
tKSsa.sub,1,postbase,(-22,-560,169,-439),
tKSsa.sub,2,below,(-175,-560,9,-439),
tKSsa.sub,3,postbase,(147,-563,269,-439),
tLlla.sub,0,base,(-252,-444,18,-87),largest
tLlla.sub,1,base,(-2,-444,252,-87),
tRrra.sub,0,base,(-228,-444,229,-88),largest
tRrra.sub,1,base,(-199,-274,210,-239),
tKRa.sub.ss03,0,base,(-381,-460,381,-93),largest
tKRa.sub.ss03,1,base,(-112,-340,111,-111),
tKRa.sub.ss03,2,base,(49,-142,279,-93),
tKRa.sub.ss03,3,base,(-276,-142,-49,-93),
tTtRa.sub.ss03,0,base,(-381,-560,381,-193),largest
tTtRa.sub.ss03,1,base,(-236,-401,23,-87),
tTtRa.sub.ss03,2,base,(2,-401,233,-88),
tTRa.sub,0,base,(-381,-460,381,-93),largest
tTRa.sub,1,base,(-205,-307,244,-88),
tTai.sub.ss04,0,base,(-368,-463,267,-228),largest
tTai.sub.ss04,1,above,(-101,-323,368,-88),
tKa.pssp,0,base,(-54,-444,317,508),largest
tKa.pssp,1,base,(226,-111,508,-45),
tCa.pssp,0,base,(-9,-444,380,505),largest
tCa.pssp,1,base,(-110,-444,121,-210),
tCa.pssp,2,base,(-173,-233,14,-147),
tCha.pssp,0,base,(-9,-444,380,505),largest
tCha.pssp,1,base,(-110,-444,121,-210),
tCha.pssp,2,base,(-173,-233,14,-147),
tCha.pssp,3,below,(77,-563,149,-421),
tNa.pssp,0,base,(-37,-444,588,505),largest
tPa.pssp,0,base,(-9,-444,380,505),largest
tPa.pssp,1,base,(-115,-444,121,-220),
tPu.pssp,0,base,(-9,-444,380,505),largest
tPu.pssp,1,base,(314,-15,673,525),
tPu.pssp,2,base,(-115,-444,121,-220),
tPuu.pssp,0,base,(-9,-444,380,505),largest
tPuu.pssp,1,base,(314,-15,671,500),
tPuu.pssp,2,base,(383,287,995,520),
tPuu.pssp,3,base,(-115,-444,120,-220),
tPha.pssp,0,base,(-9,-444,380,505),largest
tPha.pssp,1,base,(-115,-444,121,-220),
tPha.pssp,2,below,(64,-563,136,-421),
tPhu.pssp,0,base,(-9,-444,380,505),largest
tPhu.pssp,1,base,(314,-15,673,525),
tPhu.pssp,2,base,(-115,-444,121,-220),
tPhu.pssp,3,below,(64,-563,136,-421),
tPhuu.pssp,0,base,(-9,-444,380,505),largest
tPhuu.pssp,1,base,(314,-15,671,500),
tPhuu.pssp,2,base,(383,287,995,520),
tPhuu.pssp,3,base,(-115,-444,120,-220),
tPhuu.pssp,4,below,(64,-563,136,-421),
tBa.pssp,0,base,(-9,-444,380,505),largest
tBa.pssp,1,base,(-105,-444,124,-88),
tBha.pssp,0,base,(-9,-444,380,505),largest
tBha.pssp,1,base,(-105,-444,124,-88),
tBha.pssp,2,below,(78,-563,150,-421),
tMa.pssp,0,base,(-88,-444,317,508),largest
tRa.pssp,0,base,(35,-441,378,504),largest
tLla.pssp,0,base,(-113,-449,350,511),largest
tVa.pssp,0,base,(65,-444,395,509),largest
tVa.pssp,1,base,(-83,-444,129,-220),
tSha.pssp,0,base,(-89,-444,328,511),largest
tSignVocalicR.pvsp,0,base,(-75,-444,372,505),largest
tSignVocalicRr.pvsp,0,base,(-75,-444,372,462),largest
tSignVocalicRr.pvsp,1,base,(1,270,587,505),
tZero,0,base,(73,-15,587,525),largest
tTwo,0,base,(10,-3,717,525),largest
tFour,0,base,(58,194,544,548),largest
tFour,1,base,(173,-15,427,213),
tFive,0,base,(58,-6,591,525),largest
tFive,1,base,(438,-39,709,280),
tFive,2,base,(87,255,342,518),
tSix,0,base,(75,-3,739,305),largest
tSix,1,above,(73,269,322,525),
tEight,0,base,(73,-15,560,467),largest
tEight,1,above,(331,453,739,520),
tNine,0,base,(73,241,729,525),largest
tNine,1,base,(82,-5,470,277),
tZero.sups,0,base,(85,300,482,717),largest
tTwo.sups,0,base,(40,314,567,717),largest
tFour.sups,0,base,(65,480,450,744),largest
tFour.sups,1,base,(152,300,360,496),
tFive.sups,0,base,(50,307,477,717),largest
tFive.sups,1,base,(353,292,569,529),
tFive.sups,2,base,(78,506,279,715),
tSix.sups,0,base,(77,314,580,548),largest
tSix.sups,1,above,(75,515,268,709),
tEight.sups,0,base,(85,300,467,677),largest
tEight.sups,1,base,(295,645,606,704),
tNine.sups,0,base,(75,497,568,709),largest
tNine.sups,1,base,(82,314,377,529),
tZeroForOddPowersOfFour,0,base,(63,95,488,525),largest
tZeroForOddPowersOfFour,1,base,(132,-318,501,115),
tTwoForOddPowersOfFour,0,base,(83,-15,458,525),largest
tTwoForOddPowersOfFour,1,base,(419,-315,505,525),
tThreeForOddPowersOfFour,0,base,(83,-15,415,525),largest
tThreeForOddPowersOfFour,1,base,(389,-15,713,525),
tThreeForOddPowersOfFour,2,base,(695,-315,781,525),
tTuumu,0,base,(73,-15,719,525),largest
tKha.presub,0,base,(73,-15,761,525),largest
tKha.presub,1,below,(359,-120,441,19),
tKhaa.presub,0,base,(73,-15,758,525),largest
tKhaa.presub,1,base,(489,287,1091,520),
tKhaa.presub,2,below,(359,-120,441,19),
tKhi.presub,0,base,(73,-15,776,771),largest
tKhi.presub,1,below,(359,-120,441,19),
tKhii.presub,0,base,(73,-15,776,771),largest
tKhii.presub,1,above,(280,750,487,946),
tKhii.presub,2,below,(359,-120,441,19),
tKhu.presub,0,base,(73,-15,761,525),largest
tKhu.presub,1,base,(728,-15,1119,525),
tKhu.presub,2,below,(359,-120,441,19),
tKhuu.presub,0,base,(73,-15,761,525),largest
tKhuu.presub,1,base,(728,-15,1116,494),
tKhuu.presub,2,base,(832,287,1449,520),
tKhuu.presub,3,below,(359,-120,441,19),
tKhe.presub,0,base,(73,-15,761,525),largest
tKhe.presub,1,above,(80,482,735,693),
tKhe.presub,2,below,(359,-120,441,19),
tKhee.presub,0,base,(73,-15,761,525),largest
tKhee.presub,1,above,(80,482,735,693),
tKhee.presub,2,above,(525,679,731,881),
tKhee.presub,3,below,(359,-120,441,19),
tKho.presub,0,base,(73,-15,761,729),largest
tKho.presub,1,base,(637,490,1003,729),
tKho.presub,2,below,(359,-120,441,19),
tKhoo.presub,0,base,(73,-15,761,729),largest
tKhoo.presub,1,base,(637,490,1003,729),
tKhoo.presub,2,above,(794,704,1000,904),
tKhoo.presub,3,below,(359,-120,441,19),
tKhau.presub,0,base,(73,-15,761,525),largest
tKhau.presub,1,above,(463,458,1092,693),
tKhau.presub,2,above,(470,482,755,665),
tKhau.presub,3,below,(359,-120,441,19),
tKh.presub,0,base,(73,-15,786,662),largest
tKh.presub,1,above,(399,631,933,818),
tKh.presub,2,below,(359,-120,441,19),
tGha.presub,0,base,(663,-15,1060,525),largest
tGha.presub,1,base,(328,-15,696,525),
tGha.presub,2,base,(60,-15,347,283),
tGha.presub,3,above,(288,497,595,734),
tGha.presub,4,above,(141,497,309,659),
tGha.presub,5,below,(309,-120,391,19),
tGhaa.presub,0,base,(663,-15,1057,491),largest
tGhaa.presub,1,base,(328,-15,696,525),
tGhaa.presub,2,base,(773,287,1390,520),
tGhaa.presub,3,base,(60,-15,347,283),
tGhaa.presub,4,above,(288,497,595,734),
tGhaa.presub,5,above,(141,497,309,659),
tGhaa.presub,6,below,(309,-120,391,19),
tGhi.presub,0,base,(663,-15,1060,525),largest
tGhi.presub,1,base,(328,-15,696,525),
tGhi.presub,2,above,(24,487,399,794),
tGhi.presub,3,base,(60,-15,347,283),
tGhi.presub,4,below,(309,-120,391,19),
tGhii.presub,0,base,(663,-15,1060,525),largest
tGhii.presub,1,base,(328,-15,696,525),
tGhii.presub,2,above,(24,487,399,792),
tGhii.presub,3,base,(60,-15,347,283),
tGhii.presub,4,above,(119,768,326,966),
tGhii.presub,5,below,(309,-120,391,19),
tGhu.presub,0,base,(1031,-15,1428,525),largest
tGhu.presub,1,base,(663,-15,1059,525),
tGhu.presub,2,base,(328,-15,696,525),
tGhu.presub,3,base,(60,-15,347,283),
tGhu.presub,4,above,(288,497,595,734),
tGhu.presub,5,above,(141,497,309,659),
tGhu.presub,6,below,(309,-120,391,19),
tGhuu.presub,0,base,(663,-15,1059,525),largest
tGhuu.presub,1,base,(1031,-15,1425,491),
tGhuu.presub,2,base,(328,-15,696,525),
tGhuu.presub,3,base,(1141,287,1758,520),
tGhuu.presub,4,base,(60,-15,347,283),
tGhuu.presub,5,above,(288,497,595,734),
tGhuu.presub,6,above,(141,497,309,659),
tGhuu.presub,7,below,(309,-120,391,19),
tGhe.presub,0,base,(806,-15,1203,525),largest
tGhe.presub,1,base,(471,-15,839,525),
tGhe.presub,2,above,(18,482,513,693),
tGhe.presub,3,base,(203,-15,490,283),
tGhe.presub,4,below,(452,-120,534,19),
tGhee.presub,0,base,(806,-15,1203,525),largest
tGhee.presub,1,base,(471,-15,839,525),
tGhee.presub,2,above,(18,482,513,693),
tGhee.presub,3,base,(203,-15,490,283),
tGhee.presub,4,above,(303,656,509,881),
tGhee.presub,5,below,(452,-120,534,19),
tGho.presub,0,base,(1174,-15,1571,525),largest
tGho.presub,1,base,(806,-15,1202,525),
tGho.presub,2,base,(471,-15,839,525),
tGho.presub,3,above,(18,482,513,693),
tGho.presub,4,base,(203,-15,490,283),
tGho.presub,5,below,(452,-120,534,19),
tGhoo.presub,0,base,(806,-15,1200,491),largest
tGhoo.presub,1,base,(471,-15,839,525),
tGhoo.presub,2,base,(916,287,1533,520),
tGhoo.presub,3,above,(18,482,513,693),
tGhoo.presub,4,base,(203,-15,490,283),
tGhoo.presub,5,below,(452,-120,534,19),
tGhau.presub,0,base,(663,-15,1060,500),largest
tGhau.presub,1,base,(328,-15,696,525),
tGhau.presub,2,above,(763,458,1392,693),
tGhau.presub,3,base,(60,-15,347,283),
tGhau.presub,4,above,(288,497,595,734),
tGhau.presub,5,above,(770,482,1055,665),
tGhau.presub,6,above,(141,497,309,659),
tGhau.presub,7,below,(309,-120,391,19),
tGh.presub,0,base,(663,-15,1060,525),largest
tGh.presub,1,base,(328,-15,696,525),
tGh.presub,2,above,(69,630,563,818),
tGh.presub,3,base,(60,-15,347,283),
tGh.presub,4,above,(85,482,416,662),
tGh.presub,5,below,(309,-120,391,19),
tCha.presub,0,base,(427,-15,784,523),largest
tCha.presub,1,base,(118,-15,458,321),
tCha.presub,2,above,(417,500,735,734),
tCha.presub,3,above,(282,485,458,657),
tCha.presub,4,above,(30,298,292,398),
tCha.presub,5,below,(404,-120,486,19),
tChaa.presub,0,base,(194,306,1111,539),largest
tChaa.presub,1,base,(427,-15,784,513),
tChaa.presub,2,base,(118,-15,460,316),
tChaa.presub,3,base,(30,298,292,398),
tChaa.presub,4,below,(404,-120,486,19),
tChi.presub,0,base,(223,-15,802,771),largest
tChi.presub,1,base,(118,-15,462,316),
tChi.presub,2,base,(30,298,292,398),
tChi.presub,3,below,(405,-120,487,19),
tChii.presub,0,base,(223,-15,802,771),largest
tChii.presub,1,base,(118,-15,462,316),
tChii.presub,2,above,(300,750,507,946),
tChii.presub,3,base,(30,298,292,398),
tChii.presub,4,below,(405,-120,487,19),
tChu.presub,0,base,(759,-15,1150,525),largest
tChu.presub,1,base,(427,-15,781,523),
tChu.presub,2,base,(118,-15,458,321),
tChu.presub,3,above,(417,500,735,734),
tChu.presub,4,above,(282,485,458,657),
tChu.presub,5,above,(30,298,292,398),
tChu.presub,6,below,(404,-120,486,19),
tChuu.presub,0,base,(759,-15,1147,498),largest
tChuu.presub,1,base,(427,-15,781,523),
tChuu.presub,2,base,(863,287,1480,520),
tChuu.presub,3,base,(118,-15,458,321),
tChuu.presub,4,above,(417,500,735,734),
tChuu.presub,5,above,(282,485,458,657),
tChuu.presub,6,above,(30,298,292,398),
tChuu.presub,7,below,(404,-120,486,19),
tChe.presub,0,base,(427,-15,784,511),largest
tChe.presub,1,above,(105,482,790,693),
tChe.presub,2,base,(118,-15,458,321),
tChe.presub,3,above,(30,298,292,398),
tChe.presub,4,below,(404,-120,486,19),
tChee.presub,0,base,(427,-15,784,511),largest
tChee.presub,1,above,(105,482,790,693),
tChee.presub,2,base,(118,-15,458,321),
tChee.presub,3,above,(580,657,786,881),
tChee.presub,4,above,(30,298,292,398),
tChee.presub,5,below,(404,-120,486,19),
tCho.presub,0,base,(302,-15,784,729),largest
tCho.presub,1,base,(118,-15,458,321),
tCho.presub,2,base,(573,490,939,729),
tCho.presub,3,below,(30,298,292,398),
tCho.presub,4,below,(404,-120,486,19),
tChoo.presub,0,base,(302,-15,784,729),largest
tChoo.presub,1,base,(118,-15,458,321),
tChoo.presub,2,base,(573,490,939,729),
tChoo.presub,3,above,(730,704,936,904),
tChoo.presub,4,below,(30,298,292,398),
tChoo.presub,5,below,(404,-120,486,19),
tChau.presub,0,base,(427,-15,784,511),largest
tChau.presub,1,above,(287,458,1047,693),
tChau.presub,2,base,(118,-15,458,321),
tChau.presub,3,above,(294,482,710,665),
tChau.presub,4,above,(30,298,292,398),
tChau.presub,5,below,(404,-120,486,19),
tCh.presub,0,base,(250,-15,784,662),largest
tCh.presub,1,base,(118,-15,458,321),
tCh.presub,2,above,(234,631,798,818),
tCh.presub,3,base,(30,298,292,398),
tCh.presub,4,below,(404,-120,486,19),
tJha.presub,0,base,(73,-15,606,525),largest
tJha.presub,1,base,(540,-15,990,525),
tJha.presub,2,base,(919,-15,1352,525),
tJha.presub,3,above,(336,501,643,734),
tJha.presub,4,above,(189,507,357,659),
tJha.presub,5,postbase,(936,-120,1018,19),
tJhaa.presub,0,base,(73,-15,606,525),largest
tJhaa.presub,1,base,(540,-15,990,525),
tJhaa.presub,2,base,(919,-15,1349,493),
tJhaa.presub,3,base,(1065,287,1682,520),
tJhaa.presub,4,above,(336,501,643,734),
tJhaa.presub,5,above,(189,507,357,659),
tJhaa.presub,6,below,(936,-120,1018,19),
tJhi.presub,0,base,(73,-15,606,525),largest
tJhi.presub,1,base,(540,-15,990,525),
tJhi.presub,2,base,(919,-15,1352,525),
tJhi.presub,3,above,(143,459,521,713),
tJhi.presub,4,postbase,(936,-120,1018,19),
tJhii.presub,0,base,(73,-15,606,525),largest
tJhii.presub,1,base,(540,-15,990,525),
tJhii.presub,2,base,(919,-15,1352,525),
tJhii.presub,3,above,(143,459,521,713),
tJhii.presub,4,above,(233,695,440,884),
tJhii.presub,5,postbase,(936,-120,1018,19),
tJhu.presub,0,base,(73,-15,606,525),largest
tJhu.presub,1,base,(540,-15,990,525),
tJhu.presub,2,base,(939,-15,1352,525),
tJhu.presub,3,base,(1315,-15,1720,525),
tJhu.presub,4,above,(336,501,643,734),
tJhu.presub,5,above,(189,507,357,659),
tJhu.presub,6,below,(936,-120,1018,19),
tJhuu.presub,0,base,(73,-15,606,525),largest
tJhuu.presub,1,base,(540,-15,990,525),
tJhuu.presub,2,base,(939,-15,1352,525),
tJhuu.presub,3,base,(1315,-15,1717,498),
tJhuu.presub,4,base,(1433,287,2050,520),
tJhuu.presub,5,above,(336,501,643,734),
tJhuu.presub,6,above,(189,507,357,659),
tJhuu.presub,7,below,(936,-120,1018,19),
tJhe.presub,0,base,(73,-15,606,513),largest
tJhe.presub,1,base,(540,-15,990,525),
tJhe.presub,2,base,(939,-15,1352,525),
tJhe.presub,3,above,(35,482,620,693),
tJhe.presub,4,postbase,(936,-120,1018,19),
tJhee.presub,0,base,(73,-15,606,513),largest
tJhee.presub,1,base,(540,-15,990,525),
tJhee.presub,2,base,(939,-15,1352,525),
tJhee.presub,3,above,(35,482,620,693),
tJhee.presub,4,above,(410,657,616,881),
tJhee.presub,5,postbase,(936,-120,1018,19),
tJho.presub,0,base,(73,-15,606,513),largest
tJho.presub,1,base,(540,-15,990,525),
tJho.presub,2,base,(939,-15,1352,525),
tJho.presub,3,base,(1315,-15,1720,525),
tJho.presub,4,above,(35,482,620,693),
tJho.presub,5,below,(936,-120,1018,19),
tJhoo.presub,0,base,(73,-15,606,513),largest
tJhoo.presub,1,base,(540,-15,990,525),
tJhoo.presub,2,base,(947,-15,1349,498),
tJhoo.presub,3,base,(1065,287,1682,520),
tJhoo.presub,4,above,(35,482,620,693),
tJhoo.presub,5,below,(936,-120,1018,19),
tJhau.presub,0,base,(73,-15,606,525),largest
tJhau.presub,1,base,(540,-15,990,525),
tJhau.presub,2,base,(939,-15,1352,502),
tJhau.presub,3,above,(1055,458,1684,693),
tJhau.presub,4,above,(336,501,643,734),
tJhau.presub,5,above,(1062,482,1347,660),
tJhau.presub,6,above,(189,507,357,659),
tJhau.presub,7,postbase,(936,-120,1018,19),
tJh.presub,0,base,(73,-15,606,525),largest
tJh.presub,1,base,(540,-15,990,525),
tJh.presub,2,base,(939,-15,1352,525),
tJh.presub,3,above,(79,631,613,818),
tJh.presub,4,above,(95,482,466,662),
tJh.presub,5,postbase,(936,-120,1018,19),
tDdha.presub,0,base,(73,-15,745,525),largest
tDdha.presub,1,above,(399,501,706,734),
tDdha.presub,2,base,(475,184,720,410),
tDdha.presub,3,above,(252,507,420,659),
tDdha.presub,4,below,(365,-120,447,19),
tDdhaa.presub,0,base,(73,-15,745,525),largest
tDdhaa.presub,1,base,(145,313,995,548),
tDdhaa.presub,2,base,(475,184,720,410),
tDdhaa.presub,3,below,(365,-120,447,19),
tDdhi.presub,0,base,(73,-15,745,515),largest
tDdhi.presub,1,above,(231,491,606,794),
tDdhi.presub,2,base,(475,184,720,410),
tDdhi.presub,3,below,(365,-120,447,19),
tDdhii.presub,0,base,(73,-15,745,515),largest
tDdhii.presub,1,above,(231,491,606,792),
tDdhii.presub,2,base,(475,184,720,410),
tDdhii.presub,3,above,(326,768,533,966),
tDdhii.presub,4,below,(365,-120,447,19),
tDdhu.presub,0,base,(73,-15,737,525),largest
tDdhu.presub,1,base,(710,-15,1109,525),
tDdhu.presub,2,above,(399,501,706,734),
tDdhu.presub,3,base,(475,184,720,410),
tDdhu.presub,4,above,(252,507,420,659),
tDdhu.presub,5,below,(365,-120,447,19),
tDdhuu.presub,0,base,(73,-15,737,525),largest
tDdhuu.presub,1,base,(700,-15,1106,498),
tDdhuu.presub,2,base,(822,287,1439,520),
tDdhuu.presub,3,above,(399,501,706,734),
tDdhuu.presub,4,base,(475,184,720,410),
tDdhuu.presub,5,above,(252,507,420,659),
tDdhuu.presub,6,below,(365,-120,447,19),
tDdhe.presub,0,base,(73,-15,745,507),largest
tDdhe.presub,1,above,(74,482,699,693),
tDdhe.presub,2,base,(475,184,720,410),
tDdhe.presub,3,below,(365,-120,447,19),
tDdhee.presub,0,base,(73,-15,745,507),largest
tDdhee.presub,1,above,(74,482,699,693),
tDdhee.presub,2,base,(475,184,720,410),
tDdhee.presub,3,above,(489,665,695,881),
tDdhee.presub,4,below,(365,-120,447,19),
tDdho.presub,0,base,(73,-15,745,525),largest
tDdho.presub,1,above,(429,490,795,729),
tDdho.presub,2,above,(158,484,459,729),
tDdho.presub,3,base,(475,184,720,410),
tDdho.presub,4,below,(365,-120,447,19),
tDdhoo.presub,0,base,(73,-15,745,525),largest
tDdhoo.presub,1,above,(431,490,795,729),
tDdhoo.presub,2,above,(158,486,467,729),
tDdhoo.presub,3,base,(475,184,720,410),
tDdhoo.presub,4,above,(586,703,792,904),
tDdhoo.presub,5,below,(365,-120,447,19),
tDdhau.presub,0,base,(73,-15,745,507),largest
tDdhau.presub,1,above,(187,458,987,693),
tDdhau.presub,2,above,(194,482,655,660),
tDdhau.presub,3,base,(475,184,720,410),
tDdhau.presub,4,below,(365,-120,447,19),
tDdh.presub,0,base,(73,-15,745,525),largest
tDdh.presub,1,above,(161,631,705,818),
tDdh.presub,2,above,(177,482,558,662),
tDdh.presub,3,base,(475,184,720,410),
tDdh.presub,4,below,(365,-120,447,19),
tTha.presub,0,base,(73,-15,745,525),largest
tTha.presub,1,above,(399,501,706,734),
tTha.presub,2,above,(252,507,420,659),
tTha.presub,3,base,(345,257,466,380),
tTha.presub,4,below,(365,-120,447,19),
tThaa.presub,0,base,(73,-15,745,525),largest
tThaa.presub,1,base,(145,313,995,548),
tThaa.presub,2,base,(345,257,466,380),
tThaa.presub,3,below,(365,-120,447,19),
tThi.presub,0,base,(73,-15,745,525),largest
tThi.presub,1,above,(210,467,588,713),
tThi.presub,2,base,(345,257,466,380),
tThi.presub,3,below,(365,-120,447,19),
tThii.presub,0,base,(73,-15,745,525),largest
tThii.presub,1,above,(210,459,588,713),
tThii.presub,2,above,(300,695,507,884),
tThii.presub,3,base,(345,257,466,380),
tThii.presub,4,below,(365,-120,447,19),
tThu.presub,0,base,(73,-15,745,525),largest
tThu.presub,1,base,(700,-15,1109,525),
tThu.presub,2,above,(399,501,706,734),
tThu.presub,3,above,(252,507,420,659),
tThu.presub,4,base,(345,257,466,380),
tThu.presub,5,below,(365,-120,447,19),
tThuu.presub,0,base,(73,-15,745,525),largest
tThuu.presub,1,base,(700,-15,1106,498),
tThuu.presub,2,base,(822,287,1439,520),
tThuu.presub,3,above,(399,501,706,734),
tThuu.presub,4,above,(252,507,420,659),
tThuu.presub,5,base,(345,257,466,380),
tThuu.presub,6,below,(365,-120,447,19),
tThe.presub,0,base,(73,-15,745,509),largest
tThe.presub,1,above,(74,482,699,693),
tThe.presub,2,base,(345,257,466,380),
tThe.presub,3,below,(365,-120,447,19),
tThee.presub,0,base,(73,-15,745,509),largest
tThee.presub,1,above,(74,482,699,693),
tThee.presub,2,above,(489,665,695,881),
tThee.presub,3,base,(345,257,466,380),
tThee.presub,4,below,(365,-120,447,19),
tTho.presub,0,base,(73,-15,745,525),largest
tTho.presub,1,above,(429,490,795,729),
tTho.presub,2,above,(158,484,459,729),
tTho.presub,3,base,(345,257,466,380),
tTho.presub,4,below,(365,-120,447,19),
tThoo.presub,0,base,(73,-15,745,525),largest
tThoo.presub,1,above,(431,490,795,729),
tThoo.presub,2,above,(158,486,467,729),
tThoo.presub,3,above,(586,696,792,904),
tThoo.presub,4,base,(345,257,466,380),
tThoo.presub,5,below,(365,-120,447,19),
tThau.presub,0,base,(73,-15,745,509),largest
tThau.presub,1,above,(187,458,987,693),
tThau.presub,2,above,(194,482,655,660),
tThau.presub,3,base,(345,257,466,380),
tThau.presub,4,below,(365,-120,447,19),
tTh.presub,0,base,(73,-15,745,525),largest
tTh.presub,1,above,(161,631,705,818),
tTh.presub,2,above,(177,482,558,662),
tTh.presub,3,base,(345,257,466,380),
tTh.presub,4,below,(365,-120,447,19),
tDha.presub,0,base,(73,-15,745,525),largest
tDha.presub,1,above,(399,501,706,734),
tDha.presub,2,above,(252,507,420,659),
tDha.presub,3,below,(365,-120,447,19),
tDhaa.presub,0,base,(73,-15,745,525),largest
tDhaa.presub,1,base,(145,313,995,548),
tDhaa.presub,2,below,(365,-120,447,19),
tDhi.presub,0,base,(73,-15,745,525),largest
tDhi.presub,1,above,(210,467,588,713),
tDhi.presub,2,below,(365,-120,447,19),
tDhii.presub,0,base,(73,-15,745,525),largest
tDhii.presub,1,above,(210,459,588,713),
tDhii.presub,2,above,(300,695,507,884),
tDhii.presub,3,below,(365,-120,447,19),
tDhu.presub,0,base,(73,-15,745,525),largest
tDhu.presub,1,base,(700,-15,1109,525),
tDhu.presub,2,above,(399,501,706,734),
tDhu.presub,3,above,(252,507,420,659),
tDhu.presub,4,below,(365,-120,447,19),
tDhuu.presub,0,base,(73,-15,745,525),largest
tDhuu.presub,1,base,(700,-15,1106,498),
tDhuu.presub,2,base,(822,287,1439,520),
tDhuu.presub,3,above,(399,501,706,734),
tDhuu.presub,4,above,(252,507,420,659),
tDhuu.presub,5,below,(365,-120,447,19),
tDhe.presub,0,base,(73,-15,745,509),largest
tDhe.presub,1,above,(74,482,699,693),
tDhe.presub,2,below,(365,-120,447,19),
tDhee.presub,0,base,(73,-15,745,509),largest
tDhee.presub,1,above,(74,482,699,693),
tDhee.presub,2,above,(489,665,695,881),
tDhee.presub,3,below,(365,-120,447,19),
tDho.presub,0,base,(73,-15,745,525),largest
tDho.presub,1,above,(429,490,795,729),
tDho.presub,2,above,(158,484,459,729),
tDho.presub,3,below,(365,-120,447,19),
tDhoo.presub,0,base,(73,-15,745,525),largest
tDhoo.presub,1,above,(431,490,795,729),
tDhoo.presub,2,above,(158,486,467,729),
tDhoo.presub,3,above,(586,696,792,904),
tDhoo.presub,4,below,(365,-120,447,19),
tDhau.presub,0,base,(73,-15,745,509),largest
tDhau.presub,1,above,(187,458,987,693),
tDhau.presub,2,above,(194,482,655,660),
tDhau.presub,3,below,(365,-120,447,19),
tDh.presub,0,base,(73,-15,745,525),largest
tDh.presub,1,above,(161,631,705,818),
tDh.presub,2,above,(177,482,558,662),
tDh.presub,3,below,(365,-120,447,19),
tPha.presub,0,base,(328,-15,696,525),largest
tPha.presub,1,base,(60,-15,347,283),
tPha.presub,2,above,(228,497,535,734),
tPha.presub,3,above,(81,497,249,659),
tPha.presub,4,below,(309,-120,391,19),
tPhaa.presub,0,base,(262,-15,715,796),largest
tPhaa.presub,1,base,(76,277,1019,520),
tPhaa.presub,2,base,(60,-15,347,283),
tPhaa.presub,3,below,(313,-120,395,19),
tPhi.presub,0,base,(328,-15,696,525),largest
tPhi.presub,1,above,(24,487,399,794),
tPhi.presub,2,base,(60,-15,347,283),
tPhi.presub,3,below,(309,-120,391,19),
tPhii.presub,0,base,(328,-15,696,525),largest
tPhii.presub,1,above,(24,487,399,792),
tPhii.presub,2,base,(60,-15,347,283),
tPhii.presub,3,above,(119,768,326,966),
tPhii.presub,4,below,(309,-120,391,19),
tPhu.presub,0,base,(354,-245,861,563),largest
tPhu.presub,1,base,(328,-15,696,525),
tPhu.presub,2,base,(60,-15,347,283),
tPhu.presub,3,above,(228,497,535,734),
tPhu.presub,4,above,(81,497,249,659),
tPhu.presub,5,below,(256,-198,344,-26),
tPhuu.presub,0,base,(354,-245,861,500),largest
tPhuu.presub,1,base,(328,-15,696,525),
tPhuu.presub,2,base,(659,315,1257,550),
tPhuu.presub,3,base,(60,-15,347,283),
tPhuu.presub,4,above,(228,497,535,734),
tPhuu.presub,5,above,(81,497,249,659),
tPhuu.presub,6,below,(256,-198,344,-26),
tPhe.presub,0,base,(471,-15,839,525),largest
tPhe.presub,1,above,(18,482,513,693),
tPhe.presub,2,base,(203,-15,490,283),
tPhe.presub,3,below,(452,-120,534,19),
tPhee.presub,0,base,(471,-15,839,525),largest
tPhee.presub,1,above,(18,482,513,693),
tPhee.presub,2,base,(203,-15,490,283),
tPhee.presub,3,above,(303,656,509,881),
tPhee.presub,4,below,(452,-120,534,19),
tPho.presub,0,base,(262,-15,715,796),largest
tPho.presub,1,base,(468,285,986,542),
tPho.presub,2,base,(60,-15,347,283),
tPho.presub,3,base,(124,318,485,542),
tPho.presub,4,below,(313,-120,395,19),
tPhoo.presub,0,base,(262,-15,715,796),largest
tPhoo.presub,1,base,(468,285,986,542),
tPhoo.presub,2,base,(60,-15,347,283),
tPhoo.presub,3,base,(124,318,485,542),
tPhoo.presub,4,above,(774,494,980,702),
tPhoo.presub,5,below,(313,-120,395,19),
tPhau.presub,0,base,(262,-15,715,796),largest
tPhau.presub,1,base,(96,294,1019,529),
tPhau.presub,2,base,(60,-15,347,280),
tPhau.presub,3,base,(103,326,532,496),
tPhau.presub,4,below,(313,-120,395,19),
tPh.presub,0,base,(328,-15,696,525),largest
tPh.presub,1,above,(69,630,563,818),
tPh.presub,2,base,(60,-15,347,283),
tPh.presub,3,above,(85,482,416,662),
tPh.presub,4,below,(309,-120,391,19),
tBha.presub,0,base,(405,-15,758,530),largest
tBha.presub,1,base,(73,-15,427,525),
tBha.presub,2,above,(482,499,789,734),
tBha.presub,3,above,(335,485,503,659),
tBha.presub,4,below,(368,-120,450,19),
tBhaa.presub,0,base,(381,-15,756,498),largest
tBhaa.presub,1,base,(73,-15,421,525),
tBhaa.presub,2,base,(472,287,1089,520),
tBhaa.presub,3,below,(368,-120,450,19),
tBhi.presub,0,base,(203,-15,778,771),largest
tBhi.presub,1,base,(73,-15,433,508),
tBhi.presub,2,below,(373,-120,455,19),
tBhii.presub,0,base,(203,-15,778,771),largest
tBhii.presub,1,base,(73,-15,433,508),
tBhii.presub,2,above,(280,750,487,946),
tBhii.presub,3,below,(373,-120,455,19),
tBhu.presub,0,base,(720,-15,1124,525),largest
tBhu.presub,1,base,(73,-15,427,525),
tBhu.presub,2,base,(405,-15,755,530),
tBhu.presub,3,above,(482,499,789,734),
tBhu.presub,4,above,(335,485,503,659),
tBhu.presub,5,below,(368,-120,450,19),
tBhuu.presub,0,base,(720,-15,1121,498),largest
tBhuu.presub,1,base,(73,-15,427,525),
tBhuu.presub,2,base,(405,-15,755,530),
tBhuu.presub,3,base,(837,287,1454,520),
tBhuu.presub,4,above,(482,499,789,734),
tBhuu.presub,5,above,(335,485,503,659),
tBhuu.presub,6,below,(368,-120,450,19),
tBhe.presub,0,base,(381,-15,756,505),largest
tBhe.presub,1,base,(73,-15,421,525),
tBhe.presub,2,above,(105,482,750,693),
tBhe.presub,3,below,(368,-120,450,19),
tBhee.presub,0,base,(381,-15,756,505),largest
tBhee.presub,1,base,(73,-15,421,525),
tBhee.presub,2,above,(105,482,750,693),
tBhee.presub,3,above,(540,665,746,881),
tBhee.presub,4,below,(368,-120,450,19),
tBho.presub,0,base,(359,-15,756,729),largest
tBho.presub,1,base,(73,-15,421,525),
tBho.presub,2,base,(628,490,994,729),
tBho.presub,3,below,(368,-120,450,19),
tBhoo.presub,0,base,(359,-15,756,729),largest
tBhoo.presub,1,base,(73,-15,421,525),
tBhoo.presub,2,base,(630,490,994,729),
tBhoo.presub,3,above,(785,706,991,904),
tBhoo.presub,4,below,(368,-120,450,19),
tBhau.presub,0,base,(381,-15,756,505),largest
tBhau.presub,1,base,(73,-15,421,525),
tBhau.presub,2,above,(463,458,1092,693),
tBhau.presub,3,above,(470,482,755,660),
tBhau.presub,4,below,(368,-120,450,19),
tBh.presub,0,base,(381,-15,781,662),largest
tBh.presub,1,base,(73,-15,421,525),
tBh.presub,2,above,(394,631,928,818),
tBh.presub,3,below,(368,-120,450,19),
tKa.post2,0,base,(-54,-444,317,463),largest
tKa.post2,1,base,(226,-111,508,-45),
tCa.post2,0,base,(1,-444,380,463),largest
tCa.post2,1,base,(-110,-444,121,-210),
tCa.post2,2,base,(-173,-233,14,-147),
tCha.post2,0,base,(1,-444,380,463),largest
tCha.post2,1,base,(-110,-444,121,-210),
tCha.post2,2,base,(-173,-233,14,-147),
tCha.post2,3,below,(77,-563,149,-421),
tNa.post2,0,base,(-37,-444,588,463),largest
tPa.post2,0,base,(1,-444,380,463),largest
tPa.post2,1,base,(-125,-444,111,-220),
tPu.post2,0,base,(1,-444,380,463),largest
tPu.post2,1,base,(311,-15,673,525),
tPu.post2,2,base,(-115,-444,131,-220),
tPuu.post2,0,base,(1,-444,380,463),largest
tPuu.post2,1,base,(307,-15,671,500),
tPuu.post2,2,base,(383,287,995,520),
tPuu.post2,3,base,(-115,-444,118,-220),
tPha.post2,0,base,(1,-444,380,463),largest
tPha.post2,1,base,(-125,-444,111,-220),
tPha.post2,2,below,(64,-563,136,-421),
tPhu.post2,0,base,(1,-444,380,463),largest
tPhu.post2,1,base,(311,-15,673,525),
tPhu.post2,2,base,(-115,-444,131,-220),
tPhu.post2,3,below,(64,-563,136,-421),
tPhuu.post2,0,base,(1,-444,380,463),largest
tPhuu.post2,1,base,(307,-15,671,500),
tPhuu.post2,2,base,(383,287,995,520),
tPhuu.post2,3,base,(-115,-444,120,-220),
tPhuu.post2,4,below,(64,-563,136,-421),
tBa.post2,0,base,(1,-444,380,463),largest
tBa.post2,1,base,(-105,-444,126,-88),
tBha.post2,0,base,(1,-444,380,463),largest
tBha.post2,1,base,(-105,-444,126,-88),
tBha.post2,2,below,(78,-563,150,-421),
tMa.post2,0,base,(-88,-444,317,463),largest
tLla.post2,0,base,(-113,-449,350,463),largest
tSha.post2,0,base,(-89,-444,328,463),largest
tKa.pssp2,0,base,(-154,-444,217,463),largest
tKa.pssp2,1,base,(126,-111,408,-45),
tCa.pssp2,0,base,(-99,-444,280,463),largest
tCa.pssp2,1,base,(-210,-444,21,-210),
tCa.pssp2,2,base,(-273,-233,-86,-147),
tCha.pssp2,0,base,(-99,-444,280,463),largest
tCha.pssp2,1,base,(-210,-444,21,-210),
tCha.pssp2,2,base,(-273,-233,-86,-147),
tCha.pssp2,3,below,(-23,-563,49,-421),
tNa.pssp2,0,base,(-137,-444,488,463),largest
tPa.pssp2,0,base,(-99,-444,280,463),largest
tPa.pssp2,1,base,(-215,-444,20,-220),
tPu.pssp2,0,base,(-99,-444,280,463),largest
tPu.pssp2,1,base,(211,-15,573,525),
tPu.pssp2,2,base,(-215,-444,9,-220),
tPuu.pssp2,0,base,(-99,-444,280,463),largest
tPuu.pssp2,1,base,(207,-15,571,500),
tPuu.pssp2,2,base,(283,287,895,520),
tPuu.pssp2,3,base,(-215,-444,11,-220),
tPha.pssp2,0,base,(-99,-444,280,463),largest
tPha.pssp2,1,base,(-215,-444,20,-220),
tPha.pssp2,2,below,(-36,-563,36,-421),
tPhu.pssp2,0,base,(-99,-444,280,463),largest
tPhu.pssp2,1,base,(211,-15,573,525),
tPhu.pssp2,2,base,(-215,-444,31,-220),
tPhu.pssp2,3,below,(-36,-563,36,-421),
tPhuu.pssp2,0,base,(-99,-444,280,463),largest
tPhuu.pssp2,1,base,(207,-15,571,500),
tPhuu.pssp2,2,base,(283,287,895,520),
tPhuu.pssp2,3,base,(-215,-444,20,-220),
tPhuu.pssp2,4,below,(-36,-563,36,-421),
tBa.pssp2,0,base,(-99,-444,280,463),largest
tBa.pssp2,1,base,(-205,-444,26,-88),
tBha.pssp2,0,base,(-99,-444,280,463),largest
tBha.pssp2,1,base,(-205,-444,26,-88),
tBha.pssp2,2,below,(-22,-563,50,-421),
tMa.pssp2,0,base,(-188,-444,217,463),largest
tLla.pssp2,0,base,(-213,-449,250,463),largest
tSha.pssp2,0,base,(-189,-444,228,463),largest
